order,wave,id,filename,category,category_slug,title,seo_title,meta_title_length,meta_description,meta_description_length,slug,canonical_url,primary_keyword,search_intent,priority,commercial_parent_url,word_count,supporting_internal_links,featured_image_filename,schema_types,expert_review_required,commercial_verification_required,status
1,Wave 1,C17,01-C17-cat-grooming-prices-dubai.md,Cat Grooming,cat-grooming,Cat Grooming Prices in Dubai: What Changes the Cost of an Appointment?,Cat Grooming Prices Dubai: Packages and Cost Factors,52,"Compare SMS mobile cat grooming prices in Dubai, see what Basic and Full packages cover, and learn which coat and service factors affect the final cost.",152,/cat-grooming-prices-dubai/,https://smspetgrooming.ae/cat-grooming-prices-dubai/,cat grooming price Dubai,Commercial investigation,P1,https://smspetgrooming.ae/cat-grooming/,1749,3,cat-grooming-prices-dubai-featured.webp,"Article,BreadcrumbList,FAQPage",yes,yes,cms_ready_pending_expert_review
2,Wave 1,C01,02-C01-how-often-groom-cat.md,Cat Grooming,cat-grooming,"How Often Should You Groom a Cat? A Schedule by Coat, Age and Lifestyle",How Often Should You Groom a Cat? Complete Schedule,51,"Learn how often to brush and professionally groom short-haired, long-haired, senior and indoor cats, plus signs that the schedule should change.",144,/how-often-groom-cat/,https://smspetgrooming.ae/how-often-groom-cat/,how often should a cat be groomed,Informational with commercial next step,P1,https://smspetgrooming.ae/cat-grooming/,1724,3,how-often-groom-cat-featured.webp,"Article,BreadcrumbList,FAQPage",yes,no,cms_ready_pending_expert_review
3,Wave 1,C13,03-C13-persian-cat-grooming.md,Cat Grooming,cat-grooming,"Persian Cat Grooming: Coat Care, Matting Prevention and Appointment Frequency","Persian Cat Grooming Guide: Coat, Mats and Schedule",51,"Create a practical Persian cat grooming schedule covering daily combing, mat prevention, bathing, face care and professional appointments in Dubai.",147,/persian-cat-grooming/,https://smspetgrooming.ae/persian-cat-grooming/,Persian cat grooming,Informational with commercial investigation,P1,https://smspetgrooming.ae/cat-grooming/,1558,3,persian-cat-grooming-featured.webp,"Article,BreadcrumbList,FAQPage",yes,no,cms_ready_pending_expert_review
4,Wave 1,C06,04-C06-cat-nail-clipping-frequency.md,Cat Grooming,cat-grooming,Cat Nail Clipping: How Often Is It Needed and When Should You Book a Professional?,Cat Nail Clipping Frequency and Professional Help,49,Indoor cats often need nail checks every two to four weeks. Learn the signs of overgrowth and when a groomer or veterinarian should handle the trim.,148,/cat-nail-clipping-frequency/,https://smspetgrooming.ae/cat-nail-clipping-frequency/,how often to clip cat nails,Informational with service suitability,P1,https://smspetgrooming.ae/cat-grooming/,1351,2,cat-nail-clipping-frequency-featured.webp,"Article,BreadcrumbList,FAQPage",yes,no,cms_ready_pending_expert_review
5,Wave 1,C09,05-C09-matted-cat-fur-grooming.md,Cat Grooming,cat-grooming,Matted Cat Fur: Why It Happens and What Professional Groomers Can Do,"Matted Cat Fur: Causes, Risks and Grooming Options",50,"Learn why cat fur becomes matted, how to recognise severity, why scissors are unsafe and when a groomer or veterinarian should assess the coat.",143,/matted-cat-fur-grooming/,https://smspetgrooming.ae/matted-cat-fur-grooming/,matted cat fur grooming,Problem–solution / commercial investigation,P1,https://smspetgrooming.ae/cat-grooming/,1546,3,matted-cat-fur-grooming-featured.webp,"Article,BreadcrumbList,FAQPage",yes,no,cms_ready_pending_expert_review
6,Wave 1,C02,06-C02-mobile-cat-grooming-vs-salon.md,Cat Grooming,cat-grooming,Mobile Cat Grooming vs Salon Grooming: Which Is Better for Your Cat?,Mobile vs Salon Cat Grooming: Which Is Better?,46,"Compare mobile and salon cat grooming by travel, environment, handling, cost and suitability to choose the right option for your cat in Dubai.",142,/mobile-cat-grooming-vs-salon/,https://smspetgrooming.ae/mobile-cat-grooming-vs-salon/,mobile cat grooming vs salon grooming,Commercial comparison,P1,https://smspetgrooming.ae/cat-grooming/,1618,2,mobile-cat-grooming-vs-salon-featured.webp,"Article,BreadcrumbList,FAQPage",yes,no,cms_ready_pending_expert_review
7,Wave 1,D16,07-D16-dog-grooming-prices-dubai.md,Dog Grooming,dog-grooming,"Dog Grooming Prices in Dubai: Package, Size and Coat Factors Explained",Dog Grooming Prices Dubai: Size and Package Guide,49,"See SMS mobile dog grooming prices in Dubai for small, medium and large dogs, and learn how package, coat, matting and add-ons affect cost.",139,/dog-grooming-prices-dubai/,https://smspetgrooming.ae/dog-grooming-prices-dubai/,dog grooming price Dubai,Commercial investigation,P1,https://smspetgrooming.ae/dog-grooming/,1489,3,dog-grooming-prices-dubai-featured.webp,"Article,BreadcrumbList,FAQPage",yes,yes,cms_ready_pending_expert_review
8,Wave 1,D01,08-D01-how-often-groom-dog.md,Dog Grooming,dog-grooming,How Often Should You Groom a Dog? A Schedule by Coat Type and Breed,How Often Should You Groom a Dog? Coat Schedule,47,"Use this dog grooming schedule for short, long, curly, wire and double coats, with guidance for brushing, bathing, nails and professional visits.",145,/how-often-groom-dog/,https://smspetgrooming.ae/how-often-groom-dog/,how often should a dog be groomed,Informational with commercial next step,P1,https://smspetgrooming.ae/dog-grooming/,1484,3,how-often-groom-dog-featured.webp,"Article,BreadcrumbList,FAQPage",yes,no,cms_ready_pending_expert_review
9,Wave 1,D06,09-D06-dog-nail-trimming-frequency.md,Dog Grooming,dog-grooming,"Dog Nail Trimming: Frequency, Overgrowth Signs and Professional Help",Dog Nail Trimming Frequency and Overgrowth Signs,48,"Most dogs need nail care about monthly. Learn the signs of overgrowth, how pavement and dewclaws affect timing, and when to book professional help.",147,/dog-nail-trimming-frequency/,https://smspetgrooming.ae/dog-nail-trimming-frequency/,how often to trim dog nails,Informational with service suitability,P1,https://smspetgrooming.ae/dog-grooming/,1239,2,dog-nail-trimming-frequency-featured.webp,"Article,BreadcrumbList,FAQPage",yes,no,cms_ready_pending_expert_review
10,Wave 1,D10,10-D10-dog-deshedding.md,Dog Grooming,dog-grooming,Dog Deshedding: How It Works and Which Coats Benefit Most,Dog Deshedding: How It Works and Which Coats Benefit,52,"Learn how professional dog deshedding removes loose undercoat, which coats benefit, what results to expect and how it differs from shaving or dematting.",152,/dog-deshedding/,https://smspetgrooming.ae/dog-deshedding/,dog deshedding,Informational / commercial investigation,P1,https://smspetgrooming.ae/dog-grooming/,1424,2,dog-deshedding-featured.webp,"Article,BreadcrumbList,FAQPage",yes,no,cms_ready_pending_expert_review
11,Wave 1,D02,11-D02-mobile-dog-grooming-vs-salon.md,Dog Grooming,dog-grooming,Mobile Dog Grooming vs Salon Grooming: Which Option Fits Your Dog?,Mobile Dog Grooming vs Salon Grooming in Dubai,46,"Compare mobile and salon dog grooming in Dubai by travel, environment, coat needs, timing, cost and safety to choose the right fit for your dog.",144,/mobile-dog-grooming-vs-salon/,https://smspetgrooming.ae/mobile-dog-grooming-vs-salon/,mobile dog grooming vs salon grooming,Commercial comparison,P1,https://smspetgrooming.ae/dog-grooming/,1838,2,mobile-dog-grooming-vs-salon-featured.webp,"Article,BreadcrumbList,FAQPage",yes,yes,cms_ready_pending_expert_review
12,Wave 1,B01,12-B01-what-does-bird-grooming-include.md,Bird Grooming,bird-grooming,"What Does Professional Bird Grooming Include? Nails, Beak, Feathers and Cleaning",What Does Professional Bird Grooming Include?,45,"Learn what professional bird grooming may include, when nails, beak or feathers need attention, and when an avian veterinarian should handle the concern.",153,/what-does-bird-grooming-include/,https://smspetgrooming.ae/what-does-bird-grooming-include/,what does bird grooming include,Commercial investigation with safety education,P1,https://smspetgrooming.ae/bird-grooming/,1603,4,what-does-bird-grooming-include-featured.webp,"Article,BreadcrumbList,FAQPage",yes,yes,cms_ready_pending_expert_review
13,Wave 1,R01,13-R01-what-does-rabbit-grooming-include.md,Rabbit Grooming,rabbit-grooming,"What Does Professional Rabbit Grooming Include? Coat, Nails and Hygiene Care",What Does Professional Rabbit Grooming Include?,47,"Learn what safe professional rabbit grooming includes, from coat and nail care to hygiene checks, and why routine full-water baths are not recommended.",151,/what-does-rabbit-grooming-include/,https://smspetgrooming.ae/what-does-rabbit-grooming-include/,what does rabbit grooming include,Commercial investigation with welfare education,P1,https://smspetgrooming.ae/rabbit-grooming/,1580,4,what-does-rabbit-grooming-include-featured.webp,"Article,BreadcrumbList,FAQPage",yes,yes,cms_ready_pending_expert_review
14,Wave 2,C11,14-C11-kitten-first-grooming.md,Cat Grooming,cat-grooming,"Your Kitten’s First Grooming Appointment: Age, Preparation and What to Expect",Kitten’s First Grooming Appointment: What to Expect,51,"Learn when to introduce kitten grooming, how health, vaccines and coat affect the first appointment, and how to prepare for a short positive session.",149,/kitten-first-grooming/,https://smspetgrooming.ae/kitten-first-grooming/,kitten first grooming,Informational with commercial next step,P1,https://smspetgrooming.ae/cat-grooming/,1442,3,kitten-first-grooming-featured.webp,"Article,BreadcrumbList,FAQPage",yes,no,cms_ready_pending_expert_review
15,Wave 2,C03,15-C03-prepare-cat-mobile-grooming.md,Cat Grooming,cat-grooming,How to Prepare Your Cat for a Mobile Grooming Appointment,How to Prepare a Cat for Mobile Grooming,40,"Use this practical mobile cat grooming checklist to prepare the coat, home, health details and secure handover without adding unnecessary stress.",145,/prepare-cat-mobile-grooming/,https://smspetgrooming.ae/prepare-cat-mobile-grooming/,prepare cat for mobile grooming,Informational with transactional support,P1,https://smspetgrooming.ae/cat-grooming/,1485,3,prepare-cat-mobile-grooming-featured.webp,"Article,BreadcrumbList,FAQPage,HowTo",yes,no,cms_ready_pending_expert_review
16,Wave 2,C04,16-C04-cat-grooming-stress.md,Cat Grooming,cat-grooming,Why Cats Get Stressed During Grooming and How Professionals Reduce It,"Cat Grooming Stress: Causes, Signs and Safer Handling",53,"Learn why cats become stressed during grooming, how to recognise fear and how professionals adjust handling, pace and scope to protect welfare.",143,/cat-grooming-stress/,https://smspetgrooming.ae/cat-grooming-stress/,cat grooming stress,Informational / trust building,P1,https://smspetgrooming.ae/cat-grooming/,1497,3,cat-grooming-stress-featured.webp,"Article,BreadcrumbList,FAQPage",yes,no,cms_ready_pending_expert_review
17,Wave 2,C05,17-C05-grooming-nervous-aggressive-cat.md,Cat Grooming,cat-grooming,Grooming a Nervous or Aggressive Cat: What Owners Should Know Before Booking,Grooming a Nervous or Aggressive Cat: Booking Guide,51,"Learn what to disclose before booking a nervous or defensive cat, how a groomer may adjust the service and when veterinary support is safer.",140,/grooming-nervous-aggressive-cat/,https://smspetgrooming.ae/grooming-nervous-aggressive-cat/,grooming aggressive cat,Commercial investigation / service suitability,P1,https://smspetgrooming.ae/cat-grooming/,1464,3,grooming-nervous-aggressive-cat-featured.webp,"Article,BreadcrumbList,FAQPage",yes,no,cms_ready_pending_expert_review
18,Wave 2,C07,18-C07-should-cats-be-bathed.md,Cat Grooming,cat-grooming,Should Cats Be Bathed? When a Professional Cat Bath Is Helpful,Should Cats Be Bathed? When a Cat Bath Is Helpful,49,"Most healthy cats rarely need baths. Learn when professional bathing may help, when brushing is enough and when skin or coat problems need a veterinarian.",154,/should-cats-be-bathed/,https://smspetgrooming.ae/should-cats-be-bathed/,should cats be bathed,Informational / service suitability,P1,https://smspetgrooming.ae/cat-grooming/,1342,3,should-cats-be-bathed-featured.webp,"Article,BreadcrumbList,FAQPage",yes,no,cms_ready_pending_expert_review
19,Wave 2,C10,19-C10-cat-deshedding-hairballs.md,Cat Grooming,cat-grooming,Cat Deshedding: Does It Reduce Loose Fur and Hairballs?,"Cat Deshedding: Loose Fur, Shedding and Hairballs",49,"Learn how cat deshedding removes loose coat, why it may reduce swallowed hair and hairballs, and when shedding or overgrooming needs a veterinarian.",148,/cat-deshedding-hairballs/,https://smspetgrooming.ae/cat-deshedding-hairballs/,cat deshedding benefits,Informational / commercial investigation,P1,https://smspetgrooming.ae/cat-grooming/,1270,3,cat-deshedding-hairballs-featured.webp,"Article,BreadcrumbList,FAQPage",yes,no,cms_ready_pending_expert_review
20,Wave 2,D04,20-D04-puppy-first-grooming.md,Dog Grooming,dog-grooming,A Puppy’s First Grooming Appointment: When to Start and What to Expect,Puppy’s First Grooming Appointment: What to Expect,50,"Learn when to introduce puppy grooming, how health, vaccines and coat affect the first appointment, and how to prepare for a short positive visit.",146,/puppy-first-grooming/,https://smspetgrooming.ae/puppy-first-grooming/,puppy first grooming,Informational with commercial next step,P1,https://smspetgrooming.ae/dog-grooming/,1406,3,puppy-first-grooming-featured.webp,"Article,BreadcrumbList,FAQPage",yes,no,cms_ready_pending_expert_review
21,Wave 2,D03,21-D03-prepare-dog-mobile-grooming.md,Dog Grooming,dog-grooming,How to Prepare Your Dog for a Mobile Grooming Appointment,How to Prepare a Dog for Mobile Grooming,40,"Use this mobile dog grooming checklist to prepare your dog, coat, health details, building access and handover before the groomer arrives.",138,/prepare-dog-mobile-grooming/,https://smspetgrooming.ae/prepare-dog-mobile-grooming/,prepare dog for mobile grooming,Informational with transactional support,P1,https://smspetgrooming.ae/dog-grooming/,1260,3,prepare-dog-mobile-grooming-featured.webp,"Article,BreadcrumbList,FAQPage,HowTo",yes,no,cms_ready_pending_expert_review
22,Wave 2,D05,22-D05-grooming-anxious-reactive-dog.md,Dog Grooming,dog-grooming,Grooming an Anxious or Reactive Dog: Questions to Ask Before Booking,Grooming an Anxious or Reactive Dog Safely,42,"Learn what to disclose, what to ask the groomer and when an anxious or reactive dog needs a shorter appointment or veterinary support for safer professional.",157,/grooming-anxious-reactive-dog/,https://smspetgrooming.ae/grooming-anxious-reactive-dog/,grooming anxious dog,Commercial investigation / safety,P1,https://smspetgrooming.ae/dog-grooming/,1216,3,grooming-anxious-reactive-dog-featured.webp,"Article,BreadcrumbList,FAQPage",yes,no,cms_ready_pending_expert_review
23,Wave 2,D07,23-D07-how-often-bathe-dog-dubai.md,Dog Grooming,dog-grooming,"How Often Should You Bathe a Dog in Dubai? Coat, Skin and Lifestyle Factors",How Often Should You Bathe a Dog in Dubai?,42,"Build a safe dog bathing schedule for Dubai based on coat, activity, dust, beaches, skin and veterinary treatment without over-bathing.",135,/how-often-bathe-dog-dubai/,https://smspetgrooming.ae/how-often-bathe-dog-dubai/,how often to bathe dog Dubai,Informational with local commercial support,P1,https://smspetgrooming.ae/dog-grooming/,1235,3,how-often-bathe-dog-dubai-featured.webp,"Article,BreadcrumbList,FAQPage",yes,no,cms_ready_pending_expert_review
24,Wave 2,D09,24-D09-dog-dematting-vs-shaving.md,Dog Grooming,dog-grooming,Dog Dematting vs Shaving: Which Is Safer for a Severely Matted Coat?,Dog Dematting vs Shaving for Severe Mats,40,Learn when limited dematting may be reasonable and when shaving a severely matted dog is the safer welfare-first option after assessment.,137,/dog-dematting-vs-shaving/,https://smspetgrooming.ae/dog-dematting-vs-shaving/,dog dematting vs shaving,Problem–solution / commercial investigation,P1,https://smspetgrooming.ae/dog-grooming/,1117,3,dog-dematting-vs-shaving-featured.webp,"Article,BreadcrumbList,FAQPage",yes,no,cms_ready_pending_expert_review
25,Wave 2,D11,25-D11-double-coated-dogs-dubai.md,Dog Grooming,dog-grooming,Double-Coated Dogs in Dubai: Grooming Needs and Why Routine Shaving Is Different,Double-Coated Dog Grooming in Dubai,35,"Learn how to groom double-coated dogs in Dubai with brushing, deshedding, bathing and drying, and why routine close shaving is different.",137,/double-coated-dogs-dubai/,https://smspetgrooming.ae/double-coated-dogs-dubai/,double coated dog grooming Dubai,Informational / myth correction,P1,https://smspetgrooming.ae/dog-grooming/,1063,3,double-coated-dogs-dubai-featured.webp,"Article,BreadcrumbList,FAQPage",yes,no,cms_ready_pending_expert_review
26,Wave 2,B03,26-B03-bird-nail-trimming.md,Bird Grooming,bird-grooming,Bird Nail Trimming: Signs of Overgrowth and When to Book Professional Care,Bird Nail Trimming: Signs and Professional Care,47,"Learn how to recognise overgrown bird nails, why grip and perch setup matter, and when a groomer or avian veterinarian should handle the concern.",145,/bird-nail-trimming/,https://smspetgrooming.ae/bird-nail-trimming/,bird nail trimming,Informational / commercial investigation,P1,https://smspetgrooming.ae/bird-grooming/,1010,4,bird-nail-trimming-featured.webp,"Article,BreadcrumbList,FAQPage",yes,no,cms_ready_pending_expert_review
27,Wave 2,R02,27-R02-how-often-groom-rabbit.md,Rabbit Grooming,rabbit-grooming,How Often Should a Rabbit Be Groomed? Short-Haired and Long-Haired Schedules,How Often Should a Rabbit Be Groomed?,37,"Use a rabbit grooming schedule for short-haired, long-haired and shedding rabbits, with separate coat, nail and professional-care intervals.",140,/how-often-groom-rabbit/,https://smspetgrooming.ae/how-often-groom-rabbit/,how often should rabbits be groomed,Informational with commercial next step,P1,https://smspetgrooming.ae/rabbit-grooming/,1026,4,how-often-groom-rabbit-featured.webp,"Article,BreadcrumbList,FAQPage",yes,no,cms_ready_pending_expert_review
28,Wave 2,R03,28-R03-rabbit-nail-trimming.md,Rabbit Grooming,rabbit-grooming,"Rabbit Nail Trimming: Frequency, Overgrowth Signs and Professional Care",Rabbit Nail Trimming: Frequency and Warning Signs,49,"Learn how often rabbit nails may need care, signs of overgrowth, safe handling boundaries and when a groomer or exotics veterinarian is needed.",143,/rabbit-nail-trimming/,https://smspetgrooming.ae/rabbit-nail-trimming/,rabbit nail trimming,Informational / commercial investigation,P1,https://smspetgrooming.ae/rabbit-grooming/,870,3,rabbit-nail-trimming-featured.webp,"Article,BreadcrumbList,FAQPage",yes,no,cms_ready_pending_expert_review
29,Wave 3,C08,29-C08-cat-haircut-vs-trim-vs-shave.md,Cat Grooming,cat-grooming,Cat Haircut vs Trim vs Shave: What Is Appropriate for Different Coat Conditions?,Cat Haircut vs Trim vs Shave: How to Choose,43,"Compare cat haircuts, local trims and shaving by coat condition, matting, hygiene and tolerance before selecting a professional service.",136,/cat-haircut-vs-trim-vs-shave/,https://smspetgrooming.ae/cat-haircut-vs-trim-vs-shave/,cat haircut vs shaving,Informational / service selection,P2,https://smspetgrooming.ae/cat-grooming/,952,3,cat-haircut-vs-trim-vs-shave-featured.webp,"Article,BreadcrumbList,FAQPage",yes,no,cms_ready_pending_expert_review
30,Wave 3,C12,30-C12-senior-cat-grooming.md,Cat Grooming,cat-grooming,Senior Cat Grooming: Planning a Comfortable Session for Older Cats,Senior Cat Grooming: Comfort and Coat Care,42,"Plan safer senior cat grooming around mobility, pain, reduced self-care, nails, mats and shorter sessions, with clear veterinary warning signs.",143,/senior-cat-grooming/,https://smspetgrooming.ae/senior-cat-grooming/,senior cat grooming,Informational / service suitability,P2,https://smspetgrooming.ae/cat-grooming/,955,3,senior-cat-grooming-featured.webp,"Article,BreadcrumbList,FAQPage",yes,no,cms_ready_pending_expert_review
31,Wave 3,C14,31-C14-british-shorthair-grooming.md,Cat Grooming,cat-grooming,British Shorthair Grooming: Managing a Dense Coat and Seasonal Shedding,British Shorthair Grooming and Shedding Guide,45,"Build a British Shorthair grooming routine for its dense short coat, weekly brushing, seasonal shedding, nails and professional deshedding.",139,/british-shorthair-grooming/,https://smspetgrooming.ae/british-shorthair-grooming/,British Shorthair grooming,Breed-specific informational,P2,https://smspetgrooming.ae/cat-grooming/,860,2,british-shorthair-grooming-featured.webp,"Article,BreadcrumbList,FAQPage",yes,no,cms_ready_pending_expert_review
32,Wave 3,C15,32-C15-ragdoll-cat-grooming.md,Cat Grooming,cat-grooming,"Ragdoll Cat Grooming: Brushing, Mat Prevention and Grooming Frequency",Ragdoll Cat Grooming: Brushing and Mat Care,43,"Use a Ragdoll grooming schedule covering weekly combing, mat-prone areas, shedding, bathing, nails and professional coat care for safer professional care and.",158,/ragdoll-cat-grooming/,https://smspetgrooming.ae/ragdoll-cat-grooming/,Ragdoll grooming,Breed-specific informational,P2,https://smspetgrooming.ae/cat-grooming/,868,4,ragdoll-cat-grooming-featured.webp,"Article,BreadcrumbList,FAQPage",yes,no,cms_ready_pending_expert_review
33,Wave 3,C16,33-C16-maine-coon-grooming.md,Cat Grooming,cat-grooming,"Maine Coon Grooming: Caring for a Large, Long-Haired Cat","Maine Coon Grooming: Coat, Mats and Schedule",44,"Build a Maine Coon grooming routine for its large body and shaggy coat, including combing, mat prevention, shedding, bathing and professional care.",147,/maine-coon-grooming/,https://smspetgrooming.ae/maine-coon-grooming/,Maine Coon grooming,Breed-specific informational,P2,https://smspetgrooming.ae/cat-grooming/,878,3,maine-coon-grooming-featured.webp,"Article,BreadcrumbList,FAQPage",yes,no,cms_ready_pending_expert_review
34,Wave 3,D08,34-D08-dog-haircut-vs-trim-vs-shave.md,Dog Grooming,dog-grooming,Dog Haircut vs Trim vs Shave: How Groomers Choose the Right Option,Dog Haircut vs Trim vs Shave Explained,38,"Compare dog haircuts, local trims and shaving by coat type, style, matting and welfare before choosing a Full Grooming service for safer professional care and.",159,/dog-haircut-vs-trim-vs-shave/,https://smspetgrooming.ae/dog-haircut-vs-trim-vs-shave/,dog haircut vs trim vs shave,Informational / service selection,P1,https://smspetgrooming.ae/dog-grooming/,903,3,dog-haircut-vs-trim-vs-shave-featured.webp,"Article,BreadcrumbList,FAQPage",yes,no,cms_ready_pending_expert_review
35,Wave 3,D12,35-D12-shih-tzu-grooming.md,Dog Grooming,dog-grooming,"Shih Tzu Grooming: Schedule, Coat Care and Popular Haircut Options",Shih Tzu Grooming Schedule and Haircuts,39,"Build a Shih Tzu grooming schedule for daily coat care, bathing, face hygiene and professional haircuts such as practical puppy-style trims.",140,/shih-tzu-grooming/,https://smspetgrooming.ae/shih-tzu-grooming/,Shih Tzu grooming,Breed-specific informational / commercial,P1,https://smspetgrooming.ae/dog-grooming/,905,3,shih-tzu-grooming-featured.webp,"Article,BreadcrumbList,FAQPage",yes,no,cms_ready_pending_expert_review
36,Wave 3,D13,36-D13-pomeranian-grooming.md,Dog Grooming,dog-grooming,"Pomeranian Grooming: Coat Care, Deshedding and Trimming",Pomeranian Grooming: Coat and Trim Guide,40,"Use a Pomeranian grooming schedule covering frequent brushing, deshedding, bathing, outline trimming and double-coat shaving boundaries.",136,/pomeranian-grooming/,https://smspetgrooming.ae/pomeranian-grooming/,Pomeranian grooming,Breed-specific informational / commercial,P2,https://smspetgrooming.ae/dog-grooming/,886,3,pomeranian-grooming-featured.webp,"Article,BreadcrumbList,FAQPage",yes,no,cms_ready_pending_expert_review
37,Wave 3,D14,37-D14-golden-retriever-grooming.md,Dog Grooming,dog-grooming,Golden Retriever Grooming: Shedding Control and Coat Maintenance,Golden Retriever Grooming and Shedding Guide,44,"Build a Golden Retriever grooming schedule for weekly brushing, heavy shedding, bathing, feather trimming, nails and double-coat care for safer professional.",157,/golden-retriever-grooming/,https://smspetgrooming.ae/golden-retriever-grooming/,Golden Retriever grooming,Breed-specific informational / commercial,P2,https://smspetgrooming.ae/dog-grooming/,848,3,golden-retriever-grooming-featured.webp,"Article,BreadcrumbList,FAQPage",yes,no,cms_ready_pending_expert_review
38,Wave 3,D15,38-D15-poodle-grooming.md,Dog Grooming,dog-grooming,"Poodle Grooming: Coat Maintenance, Appointment Frequency and Style Choices",Poodle Grooming Schedule and Style Guide,40,"Build a Poodle grooming plan for curly continuously growing hair, brushing, mat prevention, four-to-six-week appointments and practical styles.",143,/poodle-grooming/,https://smspetgrooming.ae/poodle-grooming/,Poodle grooming,Breed-specific informational / commercial,P2,https://smspetgrooming.ae/dog-grooming/,850,3,poodle-grooming-featured.webp,"Article,BreadcrumbList,FAQPage",yes,no,cms_ready_pending_expert_review
39,Wave 3,B02,39-B02-how-often-birds-need-grooming.md,Bird Grooming,bird-grooming,How Often Do Pet Birds Need Professional Grooming?,How Often Do Pet Birds Need Grooming?,37,"Learn why bird nail, beak, feather and wing care should follow species and condition rather than one fixed professional grooming schedule.",138,/how-often-birds-need-grooming/,https://smspetgrooming.ae/how-often-birds-need-grooming/,how often should birds be groomed,Informational / service suitability,P2,https://smspetgrooming.ae/bird-grooming/,868,3,how-often-birds-need-grooming-featured.webp,"Article,BreadcrumbList,FAQPage",yes,no,cms_ready_pending_expert_review
40,Wave 3,B04,40-B04-bird-beak-care.md,Bird Grooming,bird-grooming,"Bird Beak Care: Normal Growth, Warning Signs and Who Should Handle It",Bird Beak Care: Normal Growth and Warning Signs,47,"Learn why healthy bird beaks usually do not need routine trimming, what abnormal changes mean and when an avian veterinarian should assess the bird.",148,/bird-beak-care/,https://smspetgrooming.ae/bird-beak-care/,bird beak care,Informational / medical boundary,P1,https://smspetgrooming.ae/bird-grooming/,792,3,bird-beak-care-featured.webp,"Article,BreadcrumbList,FAQPage",yes,no,cms_ready_pending_expert_review
41,Wave 3,B07,41-B07-parrot-grooming-guide.md,Bird Grooming,bird-grooming,"Parrot Grooming Guide: Nail, Beak and Feather Care","Parrot Grooming Guide: Nails, Beak and Feathers",47,"Use this parrot grooming guide to understand nail, beak, bathing, feather and wing-care needs and when an avian veterinarian is required.",137,/parrot-grooming-guide/,https://smspetgrooming.ae/parrot-grooming-guide/,parrot grooming,Entity-first informational / commercial,P1,https://smspetgrooming.ae/bird-grooming/,869,4,parrot-grooming-guide-featured.webp,"Article,BreadcrumbList,FAQPage",yes,no,cms_ready_pending_expert_review
42,Wave 3,R04,42-R04-should-rabbits-be-bathed.md,Rabbit Grooming,rabbit-grooming,Should Rabbits Be Bathed? Safe Cleaning and Grooming Alternatives,Should Rabbits Be Bathed? Safe Alternatives,43,"Learn why routine full-water rabbit baths are discouraged and when brushing, spot cleaning or rabbit-savvy veterinary care is safer for safer professional care.",160,/should-rabbits-be-bathed/,https://smspetgrooming.ae/should-rabbits-be-bathed/,should rabbits be bathed,Informational / welfare correction,P1,https://smspetgrooming.ae/rabbit-grooming/,907,3,should-rabbits-be-bathed-featured.webp,"Article,BreadcrumbList,FAQPage",yes,no,cms_ready_pending_expert_review
43,Wave 3,R06,43-R06-matted-rabbit-fur.md,Rabbit Grooming,rabbit-grooming,"Matted Rabbit Fur: Causes, Risks and Professional Grooming Options",Matted Rabbit Fur: Causes and Safe Options,42,"Learn why rabbit mats form, why scissors are dangerous and when professional clipping or rabbit-savvy veterinary care is needed for safer professional care and.",160,/matted-rabbit-fur/,https://smspetgrooming.ae/matted-rabbit-fur/,matted rabbit fur,Problem–solution / safety,P1,https://smspetgrooming.ae/rabbit-grooming/,867,3,matted-rabbit-fur-featured.webp,"Article,BreadcrumbList,FAQPage",yes,no,cms_ready_pending_expert_review
44,Wave 4,B05,44-B05-bird-bathing-feather-care.md,Bird Grooming,bird-grooming,Bird Bathing and Feather Cleaning: What Owners Should Know,Bird Bathing and Feather Cleaning Guide,39,"Learn how bird bathing supports feather care, how species preferences differ, why plain water is usually safest and when an avian vet is needed.",144,/bird-bathing-feather-care/,https://smspetgrooming.ae/bird-bathing-feather-care/,bird bathing and feather care,Informational / welfare education,P2,https://smspetgrooming.ae/bird-grooming/,838,3,bird-bathing-feather-care-featured.webp,"Article,BreadcrumbList,FAQPage",yes,no,cms_ready_pending_expert_review
45,Wave 4,B06,45-B06-bird-wing-feather-trimming.md,Bird Grooming,bird-grooming,Wing and Feather Trimming: Questions to Ask Before a Bird Grooming Appointment,Bird Wing Trimming: Questions Before Grooming,45,"Understand what wing trimming can and cannot do, risks of aggressive clipping and questions to ask before consenting to a bird grooming service.",144,/bird-wing-feather-trimming/,https://smspetgrooming.ae/bird-wing-feather-trimming/,bird wing feather trimming,Commercial investigation / welfare decision,P2,https://smspetgrooming.ae/bird-grooming/,869,3,bird-wing-feather-trimming-featured.webp,"Article,BreadcrumbList,FAQPage",yes,no,cms_ready_pending_expert_review
46,Wave 4,B08,46-B08-african-grey-grooming.md,Bird Grooming,bird-grooming,"African Grey Grooming: Feather, Nail and Beak Care Considerations","African Grey Grooming: Feather, Nail and Beak Care",50,"Use an African Grey grooming plan covering powder down, bathing, nail and beak assessment, feather warning signs and species-sensitive handling.",144,/african-grey-grooming/,https://smspetgrooming.ae/african-grey-grooming/,African Grey grooming,Species-specific informational / commercial,P2,https://smspetgrooming.ae/bird-grooming/,852,4,african-grey-grooming-featured.webp,"Article,BreadcrumbList,FAQPage",yes,no,cms_ready_pending_expert_review
47,Wave 4,B09,47-B09-small-pet-bird-grooming.md,Bird Grooming,bird-grooming,"Grooming Small Pet Birds: Budgies, Cockatiels and Lovebirds","Grooming Budgies, Cockatiels and Lovebirds",42,"Compare grooming needs for budgies, cockatiels and lovebirds, including bathing, nails, beak observation, flight and small-bird handling risks.",143,/small-pet-bird-grooming/,https://smspetgrooming.ae/small-pet-bird-grooming/,small bird grooming,Entity-group informational / commercial,P2,https://smspetgrooming.ae/bird-grooming/,850,3,small-pet-bird-grooming-featured.webp,"Article,BreadcrumbList,FAQPage",yes,no,cms_ready_pending_expert_review
48,Wave 4,R05,48-R05-rabbit-shedding-season.md,Rabbit Grooming,rabbit-grooming,Rabbit Shedding Season: Managing Loose Fur and Coat Changes,Rabbit Shedding Season and Loose Fur Care,41,"Learn how rabbit moulting changes coat care, why loose fur matters and which bald spots, appetite or dropping changes need a rabbit-savvy veterinarian.",151,/rabbit-shedding-season/,https://smspetgrooming.ae/rabbit-shedding-season/,rabbit shedding,Informational / seasonal care,P2,https://smspetgrooming.ae/rabbit-grooming/,847,3,rabbit-shedding-season-featured.webp,"Article,BreadcrumbList,FAQPage",yes,no,cms_ready_pending_expert_review
49,Wave 4,R07,49-R07-long-haired-rabbit-grooming.md,Rabbit Grooming,rabbit-grooming,Long-Haired Rabbit Grooming: Angora and Lionhead Coat Care,Long-Haired Rabbit Grooming: Angora and Lionhead,48,"Build a daily grooming plan for Angora and Lionhead rabbits, including mat-prone areas, shedding, shorter coat options and professional care.",141,/long-haired-rabbit-grooming/,https://smspetgrooming.ae/long-haired-rabbit-grooming/,long haired rabbit grooming,Breed-group informational / commercial,P2,https://smspetgrooming.ae/rabbit-grooming/,769,3,long-haired-rabbit-grooming-featured.webp,"Article,BreadcrumbList,FAQPage",yes,no,cms_ready_pending_expert_review
50,Wave 4,R08,50-R08-prepare-rabbit-mobile-grooming.md,Rabbit Grooming,rabbit-grooming,How to Prepare a Rabbit for a Mobile Grooming Appointment,How to Prepare a Rabbit for Mobile Grooming,43,"Use a rabbit-specific mobile grooming checklist covering food, health, coat, handling, a quiet environment and veterinary warning signs.",136,/prepare-rabbit-mobile-grooming/,https://smspetgrooming.ae/prepare-rabbit-mobile-grooming/,prepare rabbit for grooming,Informational with transactional support,P2,https://smspetgrooming.ae/rabbit-grooming/,891,3,prepare-rabbit-mobile-grooming-featured.webp,"Article,BreadcrumbList,FAQPage,HowTo",yes,no,cms_ready_pending_expert_review
