source_order,source_id,source_title,source_url,relationship,anchor,target_url
1,C17,Cat Grooming Prices in Dubai: What Changes the Cost of an Appointment?,https://smspetgrooming.ae/cat-grooming-prices-dubai/,Primary CTA,View current cat grooming packages in Dubai,https://smspetgrooming.ae/cat-grooming/
1,C17,Cat Grooming Prices in Dubai: What Changes the Cost of an Appointment?,https://smspetgrooming.ae/cat-grooming-prices-dubai/,Supporting,how often a cat should be groomed,https://smspetgrooming.ae/how-often-groom-cat/
1,C17,Cat Grooming Prices in Dubai: What Changes the Cost of an Appointment?,https://smspetgrooming.ae/cat-grooming-prices-dubai/,Supporting,Persian cat grooming,https://smspetgrooming.ae/persian-cat-grooming/
1,C17,Cat Grooming Prices in Dubai: What Changes the Cost of an Appointment?,https://smspetgrooming.ae/cat-grooming-prices-dubai/,Supporting,matted cat fur,https://smspetgrooming.ae/matted-cat-fur-grooming/
2,C01,"How Often Should You Groom a Cat? A Schedule by Coat, Age and Lifestyle",https://smspetgrooming.ae/how-often-groom-cat/,Primary CTA,mobile cat grooming in Dubai,https://smspetgrooming.ae/cat-grooming/
2,C01,"How Often Should You Groom a Cat? A Schedule by Coat, Age and Lifestyle",https://smspetgrooming.ae/how-often-groom-cat/,Supporting,cat grooming prices in Dubai,https://smspetgrooming.ae/cat-grooming-prices-dubai/
2,C01,"How Often Should You Groom a Cat? A Schedule by Coat, Age and Lifestyle",https://smspetgrooming.ae/how-often-groom-cat/,Supporting,Persian cat grooming schedule,https://smspetgrooming.ae/persian-cat-grooming/
2,C01,"How Often Should You Groom a Cat? A Schedule by Coat, Age and Lifestyle",https://smspetgrooming.ae/how-often-groom-cat/,Supporting,cat nail-clipping frequency,https://smspetgrooming.ae/cat-nail-clipping-frequency/
2,C01,"How Often Should You Groom a Cat? A Schedule by Coat, Age and Lifestyle",https://smspetgrooming.ae/how-often-groom-cat/,Supporting,matted cat fur,https://smspetgrooming.ae/matted-cat-fur-grooming/
3,C13,"Persian Cat Grooming: Coat Care, Matting Prevention and Appointment Frequency",https://smspetgrooming.ae/persian-cat-grooming/,Primary CTA,professional mobile cat grooming in Dubai,https://smspetgrooming.ae/cat-grooming/
3,C13,"Persian Cat Grooming: Coat Care, Matting Prevention and Appointment Frequency",https://smspetgrooming.ae/persian-cat-grooming/,Supporting,how often a cat should be groomed,https://smspetgrooming.ae/how-often-groom-cat/
3,C13,"Persian Cat Grooming: Coat Care, Matting Prevention and Appointment Frequency",https://smspetgrooming.ae/persian-cat-grooming/,Supporting,matted cat fur,https://smspetgrooming.ae/matted-cat-fur-grooming/
3,C13,"Persian Cat Grooming: Coat Care, Matting Prevention and Appointment Frequency",https://smspetgrooming.ae/persian-cat-grooming/,Supporting,cat grooming prices in Dubai,https://smspetgrooming.ae/cat-grooming-prices-dubai/
4,C06,Cat Nail Clipping: How Often Is It Needed and When Should You Book a Professional?,https://smspetgrooming.ae/cat-nail-clipping-frequency/,Primary CTA,book mobile cat grooming in Dubai,https://smspetgrooming.ae/cat-grooming/
4,C06,Cat Nail Clipping: How Often Is It Needed and When Should You Book a Professional?,https://smspetgrooming.ae/cat-nail-clipping-frequency/,Supporting,cat grooming prices in Dubai,https://smspetgrooming.ae/cat-grooming-prices-dubai/
4,C06,Cat Nail Clipping: How Often Is It Needed and When Should You Book a Professional?,https://smspetgrooming.ae/cat-nail-clipping-frequency/,Supporting,how often to groom a cat,https://smspetgrooming.ae/how-often-groom-cat/
5,C09,Matted Cat Fur: Why It Happens and What Professional Groomers Can Do,https://smspetgrooming.ae/matted-cat-fur-grooming/,Primary CTA,professional mobile cat grooming in Dubai,https://smspetgrooming.ae/cat-grooming/
5,C09,Matted Cat Fur: Why It Happens and What Professional Groomers Can Do,https://smspetgrooming.ae/matted-cat-fur-grooming/,Supporting,Persian cat grooming,https://smspetgrooming.ae/persian-cat-grooming/
5,C09,Matted Cat Fur: Why It Happens and What Professional Groomers Can Do,https://smspetgrooming.ae/matted-cat-fur-grooming/,Supporting,how often to groom a cat,https://smspetgrooming.ae/how-often-groom-cat/
5,C09,Matted Cat Fur: Why It Happens and What Professional Groomers Can Do,https://smspetgrooming.ae/matted-cat-fur-grooming/,Supporting,cat grooming prices in Dubai,https://smspetgrooming.ae/cat-grooming-prices-dubai/
6,C02,Mobile Cat Grooming vs Salon Grooming: Which Is Better for Your Cat?,https://smspetgrooming.ae/mobile-cat-grooming-vs-salon/,Primary CTA,mobile cat grooming at your Dubai home,https://smspetgrooming.ae/cat-grooming/
6,C02,Mobile Cat Grooming vs Salon Grooming: Which Is Better for Your Cat?,https://smspetgrooming.ae/mobile-cat-grooming-vs-salon/,Supporting,cat grooming prices in Dubai,https://smspetgrooming.ae/cat-grooming-prices-dubai/
6,C02,Mobile Cat Grooming vs Salon Grooming: Which Is Better for Your Cat?,https://smspetgrooming.ae/mobile-cat-grooming-vs-salon/,Supporting,how often a cat should be groomed,https://smspetgrooming.ae/how-often-groom-cat/
7,D16,"Dog Grooming Prices in Dubai: Package, Size and Coat Factors Explained",https://smspetgrooming.ae/dog-grooming-prices-dubai/,Primary CTA,view current dog grooming packages in Dubai,https://smspetgrooming.ae/dog-grooming/
7,D16,"Dog Grooming Prices in Dubai: Package, Size and Coat Factors Explained",https://smspetgrooming.ae/dog-grooming-prices-dubai/,Supporting,how often to groom a dog,https://smspetgrooming.ae/how-often-groom-dog/
7,D16,"Dog Grooming Prices in Dubai: Package, Size and Coat Factors Explained",https://smspetgrooming.ae/dog-grooming-prices-dubai/,Supporting,dog nail-trimming frequency,https://smspetgrooming.ae/dog-nail-trimming-frequency/
7,D16,"Dog Grooming Prices in Dubai: Package, Size and Coat Factors Explained",https://smspetgrooming.ae/dog-grooming-prices-dubai/,Supporting,dog deshedding,https://smspetgrooming.ae/dog-deshedding/
8,D01,How Often Should You Groom a Dog? A Schedule by Coat Type and Breed,https://smspetgrooming.ae/how-often-groom-dog/,Primary CTA,professional mobile dog grooming in Dubai,https://smspetgrooming.ae/dog-grooming/
8,D01,How Often Should You Groom a Dog? A Schedule by Coat Type and Breed,https://smspetgrooming.ae/how-often-groom-dog/,Supporting,dog grooming prices in Dubai,https://smspetgrooming.ae/dog-grooming-prices-dubai/
8,D01,How Often Should You Groom a Dog? A Schedule by Coat Type and Breed,https://smspetgrooming.ae/how-often-groom-dog/,Supporting,dog nail-trimming frequency,https://smspetgrooming.ae/dog-nail-trimming-frequency/
8,D01,How Often Should You Groom a Dog? A Schedule by Coat Type and Breed,https://smspetgrooming.ae/how-often-groom-dog/,Supporting,dog deshedding,https://smspetgrooming.ae/dog-deshedding/
9,D06,"Dog Nail Trimming: Frequency, Overgrowth Signs and Professional Help",https://smspetgrooming.ae/dog-nail-trimming-frequency/,Primary CTA,book dog grooming at your Dubai home,https://smspetgrooming.ae/dog-grooming/
9,D06,"Dog Nail Trimming: Frequency, Overgrowth Signs and Professional Help",https://smspetgrooming.ae/dog-nail-trimming-frequency/,Supporting,how often to groom a dog,https://smspetgrooming.ae/how-often-groom-dog/
9,D06,"Dog Nail Trimming: Frequency, Overgrowth Signs and Professional Help",https://smspetgrooming.ae/dog-nail-trimming-frequency/,Supporting,dog grooming prices in Dubai,https://smspetgrooming.ae/dog-grooming-prices-dubai/
10,D10,Dog Deshedding: How It Works and Which Coats Benefit Most,https://smspetgrooming.ae/dog-deshedding/,Primary CTA,mobile dog grooming and deshedding in Dubai,https://smspetgrooming.ae/dog-grooming/
10,D10,Dog Deshedding: How It Works and Which Coats Benefit Most,https://smspetgrooming.ae/dog-deshedding/,Supporting,how often to groom a dog,https://smspetgrooming.ae/how-often-groom-dog/
10,D10,Dog Deshedding: How It Works and Which Coats Benefit Most,https://smspetgrooming.ae/dog-deshedding/,Supporting,dog grooming prices in Dubai,https://smspetgrooming.ae/dog-grooming-prices-dubai/
11,D02,Mobile Dog Grooming vs Salon Grooming: Which Option Fits Your Dog?,https://smspetgrooming.ae/mobile-dog-grooming-vs-salon/,Primary CTA,mobile dog grooming at your Dubai home,https://smspetgrooming.ae/dog-grooming/
11,D02,Mobile Dog Grooming vs Salon Grooming: Which Option Fits Your Dog?,https://smspetgrooming.ae/mobile-dog-grooming-vs-salon/,Supporting,dog grooming prices in Dubai,https://smspetgrooming.ae/dog-grooming-prices-dubai/
11,D02,Mobile Dog Grooming vs Salon Grooming: Which Option Fits Your Dog?,https://smspetgrooming.ae/mobile-dog-grooming-vs-salon/,Supporting,how often to groom a dog,https://smspetgrooming.ae/how-often-groom-dog/
12,B01,"What Does Professional Bird Grooming Include? Nails, Beak, Feathers and Cleaning",https://smspetgrooming.ae/what-does-bird-grooming-include/,Primary CTA,professional bird grooming at home in Dubai,https://smspetgrooming.ae/bird-grooming/
12,B01,"What Does Professional Bird Grooming Include? Nails, Beak, Feathers and Cleaning",https://smspetgrooming.ae/what-does-bird-grooming-include/,Future support,bird nail trimming,https://smspetgrooming.ae/bird-nail-trimming/
12,B01,"What Does Professional Bird Grooming Include? Nails, Beak, Feathers and Cleaning",https://smspetgrooming.ae/what-does-bird-grooming-include/,Future support,bird beak care,https://smspetgrooming.ae/bird-beak-care/
12,B01,"What Does Professional Bird Grooming Include? Nails, Beak, Feathers and Cleaning",https://smspetgrooming.ae/what-does-bird-grooming-include/,Future support,parrot grooming guide,https://smspetgrooming.ae/parrot-grooming-guide/
13,R01,"What Does Professional Rabbit Grooming Include? Coat, Nails and Hygiene Care",https://smspetgrooming.ae/what-does-rabbit-grooming-include/,Primary CTA,professional rabbit grooming at home in Dubai,https://smspetgrooming.ae/rabbit-grooming/
13,R01,"What Does Professional Rabbit Grooming Include? Coat, Nails and Hygiene Care",https://smspetgrooming.ae/what-does-rabbit-grooming-include/,Future support,how often a rabbit should be groomed,https://smspetgrooming.ae/how-often-groom-rabbit/
13,R01,"What Does Professional Rabbit Grooming Include? Coat, Nails and Hygiene Care",https://smspetgrooming.ae/what-does-rabbit-grooming-include/,Future support,rabbit nail trimming,https://smspetgrooming.ae/rabbit-nail-trimming/
13,R01,"What Does Professional Rabbit Grooming Include? Coat, Nails and Hygiene Care",https://smspetgrooming.ae/what-does-rabbit-grooming-include/,Future support,should rabbits be bathed,https://smspetgrooming.ae/should-rabbits-be-bathed/
13,R01,"What Does Professional Rabbit Grooming Include? Coat, Nails and Hygiene Care",https://smspetgrooming.ae/what-does-rabbit-grooming-include/,Future support,matted rabbit fur,https://smspetgrooming.ae/matted-rabbit-fur/
14,C11,"Your Kitten’s First Grooming Appointment: Age, Preparation and What to Expect",https://smspetgrooming.ae/kitten-first-grooming/,Primary CTA,mobile cat grooming in Dubai,https://smspetgrooming.ae/cat-grooming/
14,C11,"Your Kitten’s First Grooming Appointment: Age, Preparation and What to Expect",https://smspetgrooming.ae/kitten-first-grooming/,Supporting,how often a cat should be groomed,https://smspetgrooming.ae/how-often-groom-cat/
14,C11,"Your Kitten’s First Grooming Appointment: Age, Preparation and What to Expect",https://smspetgrooming.ae/kitten-first-grooming/,Supporting,cat nail-clipping frequency,https://smspetgrooming.ae/cat-nail-clipping-frequency/
14,C11,"Your Kitten’s First Grooming Appointment: Age, Preparation and What to Expect",https://smspetgrooming.ae/kitten-first-grooming/,Supporting,how to prepare a cat for mobile grooming,https://smspetgrooming.ae/prepare-cat-mobile-grooming/
15,C03,How to Prepare Your Cat for a Mobile Grooming Appointment,https://smspetgrooming.ae/prepare-cat-mobile-grooming/,Primary CTA,book cat grooming at your Dubai home,https://smspetgrooming.ae/cat-grooming/
15,C03,How to Prepare Your Cat for a Mobile Grooming Appointment,https://smspetgrooming.ae/prepare-cat-mobile-grooming/,Supporting,mobile cat grooming versus salon grooming,https://smspetgrooming.ae/mobile-cat-grooming-vs-salon/
15,C03,How to Prepare Your Cat for a Mobile Grooming Appointment,https://smspetgrooming.ae/prepare-cat-mobile-grooming/,Supporting,grooming a nervous or aggressive cat,https://smspetgrooming.ae/grooming-nervous-aggressive-cat/
15,C03,How to Prepare Your Cat for a Mobile Grooming Appointment,https://smspetgrooming.ae/prepare-cat-mobile-grooming/,Supporting,matted cat fur,https://smspetgrooming.ae/matted-cat-fur-grooming/
16,C04,Why Cats Get Stressed During Grooming and How Professionals Reduce It,https://smspetgrooming.ae/cat-grooming-stress/,Primary CTA,mobile cat grooming at home in Dubai,https://smspetgrooming.ae/cat-grooming/
16,C04,Why Cats Get Stressed During Grooming and How Professionals Reduce It,https://smspetgrooming.ae/cat-grooming-stress/,Supporting,how to prepare a cat for mobile grooming,https://smspetgrooming.ae/prepare-cat-mobile-grooming/
16,C04,Why Cats Get Stressed During Grooming and How Professionals Reduce It,https://smspetgrooming.ae/cat-grooming-stress/,Supporting,grooming a nervous or aggressive cat,https://smspetgrooming.ae/grooming-nervous-aggressive-cat/
16,C04,Why Cats Get Stressed During Grooming and How Professionals Reduce It,https://smspetgrooming.ae/cat-grooming-stress/,Supporting,mobile cat grooming versus salon grooming,https://smspetgrooming.ae/mobile-cat-grooming-vs-salon/
17,C05,Grooming a Nervous or Aggressive Cat: What Owners Should Know Before Booking,https://smspetgrooming.ae/grooming-nervous-aggressive-cat/,Primary CTA,discuss a mobile cat grooming appointment in Dubai,https://smspetgrooming.ae/cat-grooming/
17,C05,Grooming a Nervous or Aggressive Cat: What Owners Should Know Before Booking,https://smspetgrooming.ae/grooming-nervous-aggressive-cat/,Supporting,why cats get stressed during grooming,https://smspetgrooming.ae/cat-grooming-stress/
17,C05,Grooming a Nervous or Aggressive Cat: What Owners Should Know Before Booking,https://smspetgrooming.ae/grooming-nervous-aggressive-cat/,Supporting,prepare your cat for mobile grooming,https://smspetgrooming.ae/prepare-cat-mobile-grooming/
17,C05,Grooming a Nervous or Aggressive Cat: What Owners Should Know Before Booking,https://smspetgrooming.ae/grooming-nervous-aggressive-cat/,Supporting,matted cat fur,https://smspetgrooming.ae/matted-cat-fur-grooming/
18,C07,Should Cats Be Bathed? When a Professional Cat Bath Is Helpful,https://smspetgrooming.ae/should-cats-be-bathed/,Primary CTA,professional cat grooming at home in Dubai,https://smspetgrooming.ae/cat-grooming/
18,C07,Should Cats Be Bathed? When a Professional Cat Bath Is Helpful,https://smspetgrooming.ae/should-cats-be-bathed/,Supporting,cat deshedding and hairballs,https://smspetgrooming.ae/cat-deshedding-hairballs/
18,C07,Should Cats Be Bathed? When a Professional Cat Bath Is Helpful,https://smspetgrooming.ae/should-cats-be-bathed/,Supporting,how often to groom a cat,https://smspetgrooming.ae/how-often-groom-cat/
18,C07,Should Cats Be Bathed? When a Professional Cat Bath Is Helpful,https://smspetgrooming.ae/should-cats-be-bathed/,Supporting,grooming a nervous cat,https://smspetgrooming.ae/grooming-nervous-aggressive-cat/
19,C10,Cat Deshedding: Does It Reduce Loose Fur and Hairballs?,https://smspetgrooming.ae/cat-deshedding-hairballs/,Primary CTA,mobile cat grooming and deshedding in Dubai,https://smspetgrooming.ae/cat-grooming/
19,C10,Cat Deshedding: Does It Reduce Loose Fur and Hairballs?,https://smspetgrooming.ae/cat-deshedding-hairballs/,Supporting,should cats be bathed,https://smspetgrooming.ae/should-cats-be-bathed/
19,C10,Cat Deshedding: Does It Reduce Loose Fur and Hairballs?,https://smspetgrooming.ae/cat-deshedding-hairballs/,Supporting,how often to groom a cat,https://smspetgrooming.ae/how-often-groom-cat/
19,C10,Cat Deshedding: Does It Reduce Loose Fur and Hairballs?,https://smspetgrooming.ae/cat-deshedding-hairballs/,Supporting,matted cat fur,https://smspetgrooming.ae/matted-cat-fur-grooming/
20,D04,A Puppy’s First Grooming Appointment: When to Start and What to Expect,https://smspetgrooming.ae/puppy-first-grooming/,Primary CTA,mobile puppy and dog grooming in Dubai,https://smspetgrooming.ae/dog-grooming/
20,D04,A Puppy’s First Grooming Appointment: When to Start and What to Expect,https://smspetgrooming.ae/puppy-first-grooming/,Supporting,how often a dog should be groomed,https://smspetgrooming.ae/how-often-groom-dog/
20,D04,A Puppy’s First Grooming Appointment: When to Start and What to Expect,https://smspetgrooming.ae/puppy-first-grooming/,Supporting,prepare a dog for mobile grooming,https://smspetgrooming.ae/prepare-dog-mobile-grooming/
20,D04,A Puppy’s First Grooming Appointment: When to Start and What to Expect,https://smspetgrooming.ae/puppy-first-grooming/,Supporting,dog nail-trimming frequency,https://smspetgrooming.ae/dog-nail-trimming-frequency/
21,D03,How to Prepare Your Dog for a Mobile Grooming Appointment,https://smspetgrooming.ae/prepare-dog-mobile-grooming/,Primary CTA,book mobile dog grooming in Dubai,https://smspetgrooming.ae/dog-grooming/
21,D03,How to Prepare Your Dog for a Mobile Grooming Appointment,https://smspetgrooming.ae/prepare-dog-mobile-grooming/,Supporting,mobile dog grooming versus salon grooming,https://smspetgrooming.ae/mobile-dog-grooming-vs-salon/
21,D03,How to Prepare Your Dog for a Mobile Grooming Appointment,https://smspetgrooming.ae/prepare-dog-mobile-grooming/,Supporting,grooming an anxious or reactive dog,https://smspetgrooming.ae/grooming-anxious-reactive-dog/
21,D03,How to Prepare Your Dog for a Mobile Grooming Appointment,https://smspetgrooming.ae/prepare-dog-mobile-grooming/,Supporting,dog dematting versus shaving,https://smspetgrooming.ae/dog-dematting-vs-shaving/
22,D05,Grooming an Anxious or Reactive Dog: Questions to Ask Before Booking,https://smspetgrooming.ae/grooming-anxious-reactive-dog/,Primary CTA,discuss mobile dog grooming in Dubai,https://smspetgrooming.ae/dog-grooming/
22,D05,Grooming an Anxious or Reactive Dog: Questions to Ask Before Booking,https://smspetgrooming.ae/grooming-anxious-reactive-dog/,Supporting,prepare your dog for mobile grooming,https://smspetgrooming.ae/prepare-dog-mobile-grooming/
22,D05,Grooming an Anxious or Reactive Dog: Questions to Ask Before Booking,https://smspetgrooming.ae/grooming-anxious-reactive-dog/,Supporting,mobile dog grooming versus salon,https://smspetgrooming.ae/mobile-dog-grooming-vs-salon/
22,D05,Grooming an Anxious or Reactive Dog: Questions to Ask Before Booking,https://smspetgrooming.ae/grooming-anxious-reactive-dog/,Supporting,dog dematting versus shaving,https://smspetgrooming.ae/dog-dematting-vs-shaving/
23,D07,"How Often Should You Bathe a Dog in Dubai? Coat, Skin and Lifestyle Factors",https://smspetgrooming.ae/how-often-bathe-dog-dubai/,Primary CTA,mobile dog grooming and bathing in Dubai,https://smspetgrooming.ae/dog-grooming/
23,D07,"How Often Should You Bathe a Dog in Dubai? Coat, Skin and Lifestyle Factors",https://smspetgrooming.ae/how-often-bathe-dog-dubai/,Supporting,how often to groom a dog,https://smspetgrooming.ae/how-often-groom-dog/
23,D07,"How Often Should You Bathe a Dog in Dubai? Coat, Skin and Lifestyle Factors",https://smspetgrooming.ae/how-often-bathe-dog-dubai/,Supporting,dog deshedding,https://smspetgrooming.ae/dog-deshedding/
23,D07,"How Often Should You Bathe a Dog in Dubai? Coat, Skin and Lifestyle Factors",https://smspetgrooming.ae/how-often-bathe-dog-dubai/,Supporting,double-coated dog grooming in Dubai,https://smspetgrooming.ae/double-coated-dogs-dubai/
24,D09,Dog Dematting vs Shaving: Which Is Safer for a Severely Matted Coat?,https://smspetgrooming.ae/dog-dematting-vs-shaving/,Primary CTA,request a dog coat assessment in Dubai,https://smspetgrooming.ae/dog-grooming/
24,D09,Dog Dematting vs Shaving: Which Is Safer for a Severely Matted Coat?,https://smspetgrooming.ae/dog-dematting-vs-shaving/,Supporting,how often to groom a dog,https://smspetgrooming.ae/how-often-groom-dog/
24,D09,Dog Dematting vs Shaving: Which Is Safer for a Severely Matted Coat?,https://smspetgrooming.ae/dog-dematting-vs-shaving/,Supporting,double-coated dogs in Dubai,https://smspetgrooming.ae/double-coated-dogs-dubai/
24,D09,Dog Dematting vs Shaving: Which Is Safer for a Severely Matted Coat?,https://smspetgrooming.ae/dog-dematting-vs-shaving/,Supporting,grooming an anxious or reactive dog,https://smspetgrooming.ae/grooming-anxious-reactive-dog/
25,D11,Double-Coated Dogs in Dubai: Grooming Needs and Why Routine Shaving Is Different,https://smspetgrooming.ae/double-coated-dogs-dubai/,Primary CTA,professional dog grooming and deshedding in Dubai,https://smspetgrooming.ae/dog-grooming/
25,D11,Double-Coated Dogs in Dubai: Grooming Needs and Why Routine Shaving Is Different,https://smspetgrooming.ae/double-coated-dogs-dubai/,Supporting,dog deshedding,https://smspetgrooming.ae/dog-deshedding/
25,D11,Double-Coated Dogs in Dubai: Grooming Needs and Why Routine Shaving Is Different,https://smspetgrooming.ae/double-coated-dogs-dubai/,Supporting,dog dematting versus shaving,https://smspetgrooming.ae/dog-dematting-vs-shaving/
25,D11,Double-Coated Dogs in Dubai: Grooming Needs and Why Routine Shaving Is Different,https://smspetgrooming.ae/double-coated-dogs-dubai/,Supporting,how often to bathe a dog in Dubai,https://smspetgrooming.ae/how-often-bathe-dog-dubai/
26,B03,Bird Nail Trimming: Signs of Overgrowth and When to Book Professional Care,https://smspetgrooming.ae/bird-nail-trimming/,Primary CTA,professional bird grooming at home in Dubai,https://smspetgrooming.ae/bird-grooming/
26,B03,Bird Nail Trimming: Signs of Overgrowth and When to Book Professional Care,https://smspetgrooming.ae/bird-nail-trimming/,Supporting,what professional bird grooming includes,https://smspetgrooming.ae/what-does-bird-grooming-include/
26,B03,Bird Nail Trimming: Signs of Overgrowth and When to Book Professional Care,https://smspetgrooming.ae/bird-nail-trimming/,Future support,bird beak care,https://smspetgrooming.ae/bird-beak-care/
26,B03,Bird Nail Trimming: Signs of Overgrowth and When to Book Professional Care,https://smspetgrooming.ae/bird-nail-trimming/,Future support,parrot grooming guide,https://smspetgrooming.ae/parrot-grooming-guide/
27,R02,How Often Should a Rabbit Be Groomed? Short-Haired and Long-Haired Schedules,https://smspetgrooming.ae/how-often-groom-rabbit/,Primary CTA,professional rabbit grooming at home in Dubai,https://smspetgrooming.ae/rabbit-grooming/
27,R02,How Often Should a Rabbit Be Groomed? Short-Haired and Long-Haired Schedules,https://smspetgrooming.ae/how-often-groom-rabbit/,Supporting,what professional rabbit grooming includes,https://smspetgrooming.ae/what-does-rabbit-grooming-include/
27,R02,How Often Should a Rabbit Be Groomed? Short-Haired and Long-Haired Schedules,https://smspetgrooming.ae/how-often-groom-rabbit/,Supporting,rabbit nail trimming,https://smspetgrooming.ae/rabbit-nail-trimming/
27,R02,How Often Should a Rabbit Be Groomed? Short-Haired and Long-Haired Schedules,https://smspetgrooming.ae/how-often-groom-rabbit/,Future support,should rabbits be bathed,https://smspetgrooming.ae/should-rabbits-be-bathed/
28,R03,"Rabbit Nail Trimming: Frequency, Overgrowth Signs and Professional Care",https://smspetgrooming.ae/rabbit-nail-trimming/,Primary CTA,professional rabbit grooming at home in Dubai,https://smspetgrooming.ae/rabbit-grooming/
28,R03,"Rabbit Nail Trimming: Frequency, Overgrowth Signs and Professional Care",https://smspetgrooming.ae/rabbit-nail-trimming/,Supporting,how often a rabbit should be groomed,https://smspetgrooming.ae/how-often-groom-rabbit/
28,R03,"Rabbit Nail Trimming: Frequency, Overgrowth Signs and Professional Care",https://smspetgrooming.ae/rabbit-nail-trimming/,Supporting,what rabbit grooming includes,https://smspetgrooming.ae/what-does-rabbit-grooming-include/
28,R03,"Rabbit Nail Trimming: Frequency, Overgrowth Signs and Professional Care",https://smspetgrooming.ae/rabbit-nail-trimming/,Future support,should rabbits be bathed,https://smspetgrooming.ae/should-rabbits-be-bathed/
29,C08,Cat Haircut vs Trim vs Shave: What Is Appropriate for Different Coat Conditions?,https://smspetgrooming.ae/cat-haircut-vs-trim-vs-shave/,Primary CTA,professional mobile cat grooming in Dubai,https://smspetgrooming.ae/cat-grooming/
29,C08,Cat Haircut vs Trim vs Shave: What Is Appropriate for Different Coat Conditions?,https://smspetgrooming.ae/cat-haircut-vs-trim-vs-shave/,Supporting,matted cat fur,https://smspetgrooming.ae/matted-cat-fur-grooming/
29,C08,Cat Haircut vs Trim vs Shave: What Is Appropriate for Different Coat Conditions?,https://smspetgrooming.ae/cat-haircut-vs-trim-vs-shave/,Supporting,Persian cat grooming,https://smspetgrooming.ae/persian-cat-grooming/
29,C08,Cat Haircut vs Trim vs Shave: What Is Appropriate for Different Coat Conditions?,https://smspetgrooming.ae/cat-haircut-vs-trim-vs-shave/,Supporting,cat grooming prices in Dubai,https://smspetgrooming.ae/cat-grooming-prices-dubai/
30,C12,Senior Cat Grooming: Planning a Comfortable Session for Older Cats,https://smspetgrooming.ae/senior-cat-grooming/,Primary CTA,mobile cat grooming at home in Dubai,https://smspetgrooming.ae/cat-grooming/
30,C12,Senior Cat Grooming: Planning a Comfortable Session for Older Cats,https://smspetgrooming.ae/senior-cat-grooming/,Supporting,how often to groom a cat,https://smspetgrooming.ae/how-often-groom-cat/
30,C12,Senior Cat Grooming: Planning a Comfortable Session for Older Cats,https://smspetgrooming.ae/senior-cat-grooming/,Supporting,cat nail-clipping frequency,https://smspetgrooming.ae/cat-nail-clipping-frequency/
30,C12,Senior Cat Grooming: Planning a Comfortable Session for Older Cats,https://smspetgrooming.ae/senior-cat-grooming/,Supporting,matted cat fur,https://smspetgrooming.ae/matted-cat-fur-grooming/
31,C14,British Shorthair Grooming: Managing a Dense Coat and Seasonal Shedding,https://smspetgrooming.ae/british-shorthair-grooming/,Primary CTA,professional mobile cat grooming in Dubai,https://smspetgrooming.ae/cat-grooming/
31,C14,British Shorthair Grooming: Managing a Dense Coat and Seasonal Shedding,https://smspetgrooming.ae/british-shorthair-grooming/,Supporting,cat deshedding and hairballs,https://smspetgrooming.ae/cat-deshedding-hairballs/
31,C14,British Shorthair Grooming: Managing a Dense Coat and Seasonal Shedding,https://smspetgrooming.ae/british-shorthair-grooming/,Supporting,how often to groom a cat,https://smspetgrooming.ae/how-often-groom-cat/
32,C15,"Ragdoll Cat Grooming: Brushing, Mat Prevention and Grooming Frequency",https://smspetgrooming.ae/ragdoll-cat-grooming/,Primary CTA,mobile cat grooming in Dubai,https://smspetgrooming.ae/cat-grooming/
32,C15,"Ragdoll Cat Grooming: Brushing, Mat Prevention and Grooming Frequency",https://smspetgrooming.ae/ragdoll-cat-grooming/,Supporting,matted cat fur,https://smspetgrooming.ae/matted-cat-fur-grooming/
32,C15,"Ragdoll Cat Grooming: Brushing, Mat Prevention and Grooming Frequency",https://smspetgrooming.ae/ragdoll-cat-grooming/,Supporting,cat deshedding and hairballs,https://smspetgrooming.ae/cat-deshedding-hairballs/
32,C15,"Ragdoll Cat Grooming: Brushing, Mat Prevention and Grooming Frequency",https://smspetgrooming.ae/ragdoll-cat-grooming/,Supporting,cat haircut versus shave,https://smspetgrooming.ae/cat-haircut-vs-trim-vs-shave/
33,C16,"Maine Coon Grooming: Caring for a Large, Long-Haired Cat",https://smspetgrooming.ae/maine-coon-grooming/,Primary CTA,professional mobile cat grooming in Dubai,https://smspetgrooming.ae/cat-grooming/
33,C16,"Maine Coon Grooming: Caring for a Large, Long-Haired Cat",https://smspetgrooming.ae/maine-coon-grooming/,Supporting,cat deshedding and hairballs,https://smspetgrooming.ae/cat-deshedding-hairballs/
33,C16,"Maine Coon Grooming: Caring for a Large, Long-Haired Cat",https://smspetgrooming.ae/maine-coon-grooming/,Supporting,matted cat fur,https://smspetgrooming.ae/matted-cat-fur-grooming/
33,C16,"Maine Coon Grooming: Caring for a Large, Long-Haired Cat",https://smspetgrooming.ae/maine-coon-grooming/,Supporting,cat haircut versus shave,https://smspetgrooming.ae/cat-haircut-vs-trim-vs-shave/
34,D08,Dog Haircut vs Trim vs Shave: How Groomers Choose the Right Option,https://smspetgrooming.ae/dog-haircut-vs-trim-vs-shave/,Primary CTA,view full dog grooming packages in Dubai,https://smspetgrooming.ae/dog-grooming/
34,D08,Dog Haircut vs Trim vs Shave: How Groomers Choose the Right Option,https://smspetgrooming.ae/dog-haircut-vs-trim-vs-shave/,Supporting,dog dematting versus shaving,https://smspetgrooming.ae/dog-dematting-vs-shaving/
34,D08,Dog Haircut vs Trim vs Shave: How Groomers Choose the Right Option,https://smspetgrooming.ae/dog-haircut-vs-trim-vs-shave/,Supporting,double-coated dogs in Dubai,https://smspetgrooming.ae/double-coated-dogs-dubai/
34,D08,Dog Haircut vs Trim vs Shave: How Groomers Choose the Right Option,https://smspetgrooming.ae/dog-haircut-vs-trim-vs-shave/,Supporting,dog grooming prices in Dubai,https://smspetgrooming.ae/dog-grooming-prices-dubai/
35,D12,"Shih Tzu Grooming: Schedule, Coat Care and Popular Haircut Options",https://smspetgrooming.ae/shih-tzu-grooming/,Primary CTA,small-dog grooming in Dubai,https://smspetgrooming.ae/dog-grooming/
35,D12,"Shih Tzu Grooming: Schedule, Coat Care and Popular Haircut Options",https://smspetgrooming.ae/shih-tzu-grooming/,Supporting,dog grooming prices in Dubai,https://smspetgrooming.ae/dog-grooming-prices-dubai/
35,D12,"Shih Tzu Grooming: Schedule, Coat Care and Popular Haircut Options",https://smspetgrooming.ae/shih-tzu-grooming/,Supporting,dog haircut versus trim versus shave,https://smspetgrooming.ae/dog-haircut-vs-trim-vs-shave/
35,D12,"Shih Tzu Grooming: Schedule, Coat Care and Popular Haircut Options",https://smspetgrooming.ae/shih-tzu-grooming/,Supporting,how often to groom a dog,https://smspetgrooming.ae/how-often-groom-dog/
36,D13,"Pomeranian Grooming: Coat Care, Deshedding and Trimming",https://smspetgrooming.ae/pomeranian-grooming/,Primary CTA,professional small-dog grooming in Dubai,https://smspetgrooming.ae/dog-grooming/
36,D13,"Pomeranian Grooming: Coat Care, Deshedding and Trimming",https://smspetgrooming.ae/pomeranian-grooming/,Supporting,double-coated dogs in Dubai,https://smspetgrooming.ae/double-coated-dogs-dubai/
36,D13,"Pomeranian Grooming: Coat Care, Deshedding and Trimming",https://smspetgrooming.ae/pomeranian-grooming/,Supporting,dog deshedding,https://smspetgrooming.ae/dog-deshedding/
36,D13,"Pomeranian Grooming: Coat Care, Deshedding and Trimming",https://smspetgrooming.ae/pomeranian-grooming/,Supporting,dog haircut versus trim versus shave,https://smspetgrooming.ae/dog-haircut-vs-trim-vs-shave/
37,D14,Golden Retriever Grooming: Shedding Control and Coat Maintenance,https://smspetgrooming.ae/golden-retriever-grooming/,Primary CTA,professional mobile dog grooming in Dubai,https://smspetgrooming.ae/dog-grooming/
37,D14,Golden Retriever Grooming: Shedding Control and Coat Maintenance,https://smspetgrooming.ae/golden-retriever-grooming/,Supporting,dog deshedding,https://smspetgrooming.ae/dog-deshedding/
37,D14,Golden Retriever Grooming: Shedding Control and Coat Maintenance,https://smspetgrooming.ae/golden-retriever-grooming/,Supporting,double-coated dogs in Dubai,https://smspetgrooming.ae/double-coated-dogs-dubai/
37,D14,Golden Retriever Grooming: Shedding Control and Coat Maintenance,https://smspetgrooming.ae/golden-retriever-grooming/,Supporting,dog grooming prices in Dubai,https://smspetgrooming.ae/dog-grooming-prices-dubai/
38,D15,"Poodle Grooming: Coat Maintenance, Appointment Frequency and Style Choices",https://smspetgrooming.ae/poodle-grooming/,Primary CTA,view full dog grooming packages in Dubai,https://smspetgrooming.ae/dog-grooming/
38,D15,"Poodle Grooming: Coat Maintenance, Appointment Frequency and Style Choices",https://smspetgrooming.ae/poodle-grooming/,Supporting,dog haircut versus trim versus shave,https://smspetgrooming.ae/dog-haircut-vs-trim-vs-shave/
38,D15,"Poodle Grooming: Coat Maintenance, Appointment Frequency and Style Choices",https://smspetgrooming.ae/poodle-grooming/,Supporting,dog dematting versus shaving,https://smspetgrooming.ae/dog-dematting-vs-shaving/
38,D15,"Poodle Grooming: Coat Maintenance, Appointment Frequency and Style Choices",https://smspetgrooming.ae/poodle-grooming/,Supporting,dog grooming prices in Dubai,https://smspetgrooming.ae/dog-grooming-prices-dubai/
39,B02,How Often Do Pet Birds Need Professional Grooming?,https://smspetgrooming.ae/how-often-birds-need-grooming/,Primary CTA,professional bird grooming at home in Dubai,https://smspetgrooming.ae/bird-grooming/
39,B02,How Often Do Pet Birds Need Professional Grooming?,https://smspetgrooming.ae/how-often-birds-need-grooming/,Supporting,what bird grooming includes,https://smspetgrooming.ae/what-does-bird-grooming-include/
39,B02,How Often Do Pet Birds Need Professional Grooming?,https://smspetgrooming.ae/how-often-birds-need-grooming/,Supporting,bird nail trimming,https://smspetgrooming.ae/bird-nail-trimming/
39,B02,How Often Do Pet Birds Need Professional Grooming?,https://smspetgrooming.ae/how-often-birds-need-grooming/,Supporting,bird beak care,https://smspetgrooming.ae/bird-beak-care/
40,B04,"Bird Beak Care: Normal Growth, Warning Signs and Who Should Handle It",https://smspetgrooming.ae/bird-beak-care/,Primary CTA,discuss professional bird grooming in Dubai,https://smspetgrooming.ae/bird-grooming/
40,B04,"Bird Beak Care: Normal Growth, Warning Signs and Who Should Handle It",https://smspetgrooming.ae/bird-beak-care/,Supporting,what bird grooming includes,https://smspetgrooming.ae/what-does-bird-grooming-include/
40,B04,"Bird Beak Care: Normal Growth, Warning Signs and Who Should Handle It",https://smspetgrooming.ae/bird-beak-care/,Supporting,how often birds need grooming,https://smspetgrooming.ae/how-often-birds-need-grooming/
40,B04,"Bird Beak Care: Normal Growth, Warning Signs and Who Should Handle It",https://smspetgrooming.ae/bird-beak-care/,Supporting,bird nail trimming,https://smspetgrooming.ae/bird-nail-trimming/
41,B07,"Parrot Grooming Guide: Nail, Beak and Feather Care",https://smspetgrooming.ae/parrot-grooming-guide/,Primary CTA,professional bird grooming at home in Dubai,https://smspetgrooming.ae/bird-grooming/
41,B07,"Parrot Grooming Guide: Nail, Beak and Feather Care",https://smspetgrooming.ae/parrot-grooming-guide/,Supporting,bird nail trimming,https://smspetgrooming.ae/bird-nail-trimming/
41,B07,"Parrot Grooming Guide: Nail, Beak and Feather Care",https://smspetgrooming.ae/parrot-grooming-guide/,Supporting,bird beak care,https://smspetgrooming.ae/bird-beak-care/
41,B07,"Parrot Grooming Guide: Nail, Beak and Feather Care",https://smspetgrooming.ae/parrot-grooming-guide/,Supporting,how often birds need grooming,https://smspetgrooming.ae/how-often-birds-need-grooming/
42,R04,Should Rabbits Be Bathed? Safe Cleaning and Grooming Alternatives,https://smspetgrooming.ae/should-rabbits-be-bathed/,Primary CTA,discuss safe rabbit grooming at home in Dubai,https://smspetgrooming.ae/rabbit-grooming/
42,R04,Should Rabbits Be Bathed? Safe Cleaning and Grooming Alternatives,https://smspetgrooming.ae/should-rabbits-be-bathed/,Supporting,what professional rabbit grooming includes,https://smspetgrooming.ae/what-does-rabbit-grooming-include/
42,R04,Should Rabbits Be Bathed? Safe Cleaning and Grooming Alternatives,https://smspetgrooming.ae/should-rabbits-be-bathed/,Supporting,how often a rabbit should be groomed,https://smspetgrooming.ae/how-often-groom-rabbit/
42,R04,Should Rabbits Be Bathed? Safe Cleaning and Grooming Alternatives,https://smspetgrooming.ae/should-rabbits-be-bathed/,Supporting,matted rabbit fur,https://smspetgrooming.ae/matted-rabbit-fur/
43,R06,"Matted Rabbit Fur: Causes, Risks and Professional Grooming Options",https://smspetgrooming.ae/matted-rabbit-fur/,Primary CTA,request a rabbit coat assessment in Dubai,https://smspetgrooming.ae/rabbit-grooming/
43,R06,"Matted Rabbit Fur: Causes, Risks and Professional Grooming Options",https://smspetgrooming.ae/matted-rabbit-fur/,Supporting,how often to groom a rabbit,https://smspetgrooming.ae/how-often-groom-rabbit/
43,R06,"Matted Rabbit Fur: Causes, Risks and Professional Grooming Options",https://smspetgrooming.ae/matted-rabbit-fur/,Supporting,should rabbits be bathed,https://smspetgrooming.ae/should-rabbits-be-bathed/
43,R06,"Matted Rabbit Fur: Causes, Risks and Professional Grooming Options",https://smspetgrooming.ae/matted-rabbit-fur/,Future support,long-haired rabbit grooming,https://smspetgrooming.ae/long-haired-rabbit-grooming/
44,B05,Bird Bathing and Feather Cleaning: What Owners Should Know,https://smspetgrooming.ae/bird-bathing-feather-care/,Primary CTA,professional bird grooming at home in Dubai,https://smspetgrooming.ae/bird-grooming/
44,B05,Bird Bathing and Feather Cleaning: What Owners Should Know,https://smspetgrooming.ae/bird-bathing-feather-care/,Supporting,what professional bird grooming includes,https://smspetgrooming.ae/what-does-bird-grooming-include/
44,B05,Bird Bathing and Feather Cleaning: What Owners Should Know,https://smspetgrooming.ae/bird-bathing-feather-care/,Supporting,how often birds need grooming,https://smspetgrooming.ae/how-often-birds-need-grooming/
44,B05,Bird Bathing and Feather Cleaning: What Owners Should Know,https://smspetgrooming.ae/bird-bathing-feather-care/,Future support,African Grey grooming,https://smspetgrooming.ae/african-grey-grooming/
45,B06,Wing and Feather Trimming: Questions to Ask Before a Bird Grooming Appointment,https://smspetgrooming.ae/bird-wing-feather-trimming/,Primary CTA,discuss professional bird grooming in Dubai,https://smspetgrooming.ae/bird-grooming/
45,B06,Wing and Feather Trimming: Questions to Ask Before a Bird Grooming Appointment,https://smspetgrooming.ae/bird-wing-feather-trimming/,Supporting,what bird grooming includes,https://smspetgrooming.ae/what-does-bird-grooming-include/
45,B06,Wing and Feather Trimming: Questions to Ask Before a Bird Grooming Appointment,https://smspetgrooming.ae/bird-wing-feather-trimming/,Supporting,how often birds need grooming,https://smspetgrooming.ae/how-often-birds-need-grooming/
45,B06,Wing and Feather Trimming: Questions to Ask Before a Bird Grooming Appointment,https://smspetgrooming.ae/bird-wing-feather-trimming/,Supporting,parrot grooming guide,https://smspetgrooming.ae/parrot-grooming-guide/
46,B08,"African Grey Grooming: Feather, Nail and Beak Care Considerations",https://smspetgrooming.ae/african-grey-grooming/,Primary CTA,professional bird grooming at home in Dubai,https://smspetgrooming.ae/bird-grooming/
46,B08,"African Grey Grooming: Feather, Nail and Beak Care Considerations",https://smspetgrooming.ae/african-grey-grooming/,Supporting,bird bathing and feather care,https://smspetgrooming.ae/bird-bathing-feather-care/
46,B08,"African Grey Grooming: Feather, Nail and Beak Care Considerations",https://smspetgrooming.ae/african-grey-grooming/,Supporting,bird nail trimming,https://smspetgrooming.ae/bird-nail-trimming/
46,B08,"African Grey Grooming: Feather, Nail and Beak Care Considerations",https://smspetgrooming.ae/african-grey-grooming/,Supporting,bird beak care,https://smspetgrooming.ae/bird-beak-care/
47,B09,"Grooming Small Pet Birds: Budgies, Cockatiels and Lovebirds",https://smspetgrooming.ae/small-pet-bird-grooming/,Primary CTA,professional bird grooming at home in Dubai,https://smspetgrooming.ae/bird-grooming/
47,B09,"Grooming Small Pet Birds: Budgies, Cockatiels and Lovebirds",https://smspetgrooming.ae/small-pet-bird-grooming/,Supporting,how often birds need grooming,https://smspetgrooming.ae/how-often-birds-need-grooming/
47,B09,"Grooming Small Pet Birds: Budgies, Cockatiels and Lovebirds",https://smspetgrooming.ae/small-pet-bird-grooming/,Supporting,bird nail trimming,https://smspetgrooming.ae/bird-nail-trimming/
47,B09,"Grooming Small Pet Birds: Budgies, Cockatiels and Lovebirds",https://smspetgrooming.ae/small-pet-bird-grooming/,Supporting,bird bathing and feather care,https://smspetgrooming.ae/bird-bathing-feather-care/
48,R05,Rabbit Shedding Season: Managing Loose Fur and Coat Changes,https://smspetgrooming.ae/rabbit-shedding-season/,Primary CTA,professional rabbit grooming at home in Dubai,https://smspetgrooming.ae/rabbit-grooming/
48,R05,Rabbit Shedding Season: Managing Loose Fur and Coat Changes,https://smspetgrooming.ae/rabbit-shedding-season/,Supporting,how often to groom a rabbit,https://smspetgrooming.ae/how-often-groom-rabbit/
48,R05,Rabbit Shedding Season: Managing Loose Fur and Coat Changes,https://smspetgrooming.ae/rabbit-shedding-season/,Supporting,matted rabbit fur,https://smspetgrooming.ae/matted-rabbit-fur/
48,R05,Rabbit Shedding Season: Managing Loose Fur and Coat Changes,https://smspetgrooming.ae/rabbit-shedding-season/,Future support,long-haired rabbit grooming,https://smspetgrooming.ae/long-haired-rabbit-grooming/
49,R07,Long-Haired Rabbit Grooming: Angora and Lionhead Coat Care,https://smspetgrooming.ae/long-haired-rabbit-grooming/,Primary CTA,professional rabbit grooming at home in Dubai,https://smspetgrooming.ae/rabbit-grooming/
49,R07,Long-Haired Rabbit Grooming: Angora and Lionhead Coat Care,https://smspetgrooming.ae/long-haired-rabbit-grooming/,Supporting,matted rabbit fur,https://smspetgrooming.ae/matted-rabbit-fur/
49,R07,Long-Haired Rabbit Grooming: Angora and Lionhead Coat Care,https://smspetgrooming.ae/long-haired-rabbit-grooming/,Supporting,rabbit shedding season,https://smspetgrooming.ae/rabbit-shedding-season/
49,R07,Long-Haired Rabbit Grooming: Angora and Lionhead Coat Care,https://smspetgrooming.ae/long-haired-rabbit-grooming/,Supporting,how often to groom a rabbit,https://smspetgrooming.ae/how-often-groom-rabbit/
50,R08,How to Prepare a Rabbit for a Mobile Grooming Appointment,https://smspetgrooming.ae/prepare-rabbit-mobile-grooming/,Primary CTA,book rabbit grooming at your Dubai home,https://smspetgrooming.ae/rabbit-grooming/
50,R08,How to Prepare a Rabbit for a Mobile Grooming Appointment,https://smspetgrooming.ae/prepare-rabbit-mobile-grooming/,Supporting,what rabbit grooming includes,https://smspetgrooming.ae/what-does-rabbit-grooming-include/
50,R08,How to Prepare a Rabbit for a Mobile Grooming Appointment,https://smspetgrooming.ae/prepare-rabbit-mobile-grooming/,Supporting,matted rabbit fur,https://smspetgrooming.ae/matted-rabbit-fur/
50,R08,How to Prepare a Rabbit for a Mobile Grooming Appointment,https://smspetgrooming.ae/prepare-rabbit-mobile-grooming/,Supporting,should rabbits be bathed,https://smspetgrooming.ae/should-rabbits-be-bathed/
