Source Order,Source ID,Source Slug,Anchor,Target URL,Link Type
1,M01,/massage-at-home-prices-dubai/,massage services page,https://homesalon.ae/massage/,commercial_service
1,M01,/massage-at-home-prices-dubai/,60 vs 90 minute massage guide,https://homesalon.ae/60-vs-90-minute-massage/,supporting_article
1,M01,/massage-at-home-prices-dubai/,choose the right massage type,https://homesalon.ae/how-to-choose-massage-type/,supporting_article
1,M01,/massage-at-home-prices-dubai/,massage services at home in Dubai,https://homesalon.ae/massage/,commercial_service
1,M01,/massage-at-home-prices-dubai/,lymphatic drainage massage,https://homesalon.ae/massage/lymphatic-drainage-massage/,commercial_service
1,M01,/massage-at-home-prices-dubai/,pregnancy massage,https://homesalon.ae/massage/pregnancy-massage/,commercial_service
2,M02,/how-to-choose-massage-type/,Deep Tissue vs Thai Massage guide,https://homesalon.ae/deep-tissue-vs-thai-massage/,supporting_article
2,M02,/how-to-choose-massage-type/,what to expect from lymphatic drainage massage,https://homesalon.ae/lymphatic-drainage-massage-what-to-expect/,supporting_article
2,M02,/how-to-choose-massage-type/,lymphatic drainage massage service,https://homesalon.ae/massage/lymphatic-drainage-massage/,commercial_service
2,M02,/how-to-choose-massage-type/,pregnancy massage,https://homesalon.ae/massage/pregnancy-massage/,commercial_service
2,M02,/how-to-choose-massage-type/,what to ask before booking,https://homesalon.ae/pregnancy-massage-when-to-book/,supporting_article
2,M02,/how-to-choose-massage-type/,60 vs 90 minute massage guide,https://homesalon.ae/60-vs-90-minute-massage/,supporting_article
2,M02,/how-to-choose-massage-type/,massage services at home in Dubai,https://homesalon.ae/massage/,commercial_service
2,M02,/how-to-choose-massage-type/,Deep Tissue Massage,https://homesalon.ae/massage/deep-tissue-massage/,commercial_service
2,M02,/how-to-choose-massage-type/,Thai Massage,https://homesalon.ae/massage/thai-massage/,commercial_service
2,M02,/how-to-choose-massage-type/,Hot Stone Massage,https://homesalon.ae/massage/hot-stone-massage/,commercial_service
2,M02,/how-to-choose-massage-type/,Lymphatic Drainage Massage,https://homesalon.ae/massage/lymphatic-drainage-massage/,commercial_service
3,M11,/lymphatic-drainage-massage-what-to-expect/,Lymphatic Drainage vs Regular Massage,https://homesalon.ae/lymphatic-drainage-vs-regular-massage/,supporting_article
3,M11,/lymphatic-drainage-massage-what-to-expect/,lymphatic drainage massage at home in Dubai,https://homesalon.ae/massage/lymphatic-drainage-massage/,commercial_service
3,M11,/lymphatic-drainage-massage-what-to-expect/,choosing the right massage type,https://homesalon.ae/how-to-choose-massage-type/,supporting_article
4,M12,/lymphatic-drainage-vs-regular-massage/,massage type selection guide,https://homesalon.ae/how-to-choose-massage-type/,supporting_article
4,M12,/lymphatic-drainage-vs-regular-massage/,lymphatic drainage massage service,https://homesalon.ae/massage/lymphatic-drainage-massage/,commercial_service
4,M12,/lymphatic-drainage-vs-regular-massage/,massage services at home,https://homesalon.ae/massage/,commercial_service
4,M12,/lymphatic-drainage-vs-regular-massage/,dedicated lymphatic drainage page,https://homesalon.ae/massage/lymphatic-drainage-massage/,commercial_service
4,M12,/lymphatic-drainage-vs-regular-massage/,What to Expect from Lymphatic Drainage Massage,https://homesalon.ae/lymphatic-drainage-massage-what-to-expect/,supporting_article
5,M10,/pregnancy-massage-when-to-book/,pregnancy massage service,https://homesalon.ae/massage/pregnancy-massage/,commercial_service
5,M10,/pregnancy-massage-when-to-book/,home massage preparation guide,https://homesalon.ae/prepare-for-massage-at-home/,supporting_article
5,M10,/pregnancy-massage-when-to-book/,Pregnancy Massage at Home in Dubai,https://homesalon.ae/massage/pregnancy-massage/,commercial_service
5,M10,/pregnancy-massage-when-to-book/,choosing the right massage type,https://homesalon.ae/how-to-choose-massage-type/,supporting_article
6,M03,/60-vs-90-minute-massage/,choosing the right massage type,https://homesalon.ae/how-to-choose-massage-type/,supporting_article
6,M03,/60-vs-90-minute-massage/,massage at home prices in Dubai,https://homesalon.ae/massage-at-home-prices-dubai/,supporting_article
6,M03,/60-vs-90-minute-massage/,massage services page,https://homesalon.ae/massage/,commercial_service
6,M03,/60-vs-90-minute-massage/,pregnancy massage,https://homesalon.ae/massage/pregnancy-massage/,commercial_service
6,M03,/60-vs-90-minute-massage/,lymphatic drainage massage,https://homesalon.ae/massage/lymphatic-drainage-massage/,commercial_service
7,N01,/nail-service-prices-at-home-dubai/,Nail Services at Home,https://homesalon.ae/nails/,commercial_service
7,N01,/nail-service-prices-at-home-dubai/,Gelish vs Regular Nail Polish guide,https://homesalon.ae/gelish-vs-regular-nail-polish/,supporting_article
7,N01,/nail-service-prices-at-home-dubai/,BIAB vs Gel Manicure,https://homesalon.ae/biab-vs-gel-manicure/,supporting_article
7,N01,/nail-service-prices-at-home-dubai/,Acrylic Nails,https://homesalon.ae/manicure/acrylic-nail/,commercial_service
7,N01,/nail-service-prices-at-home-dubai/,Gel Nail Extensions,https://homesalon.ae/manicure/gel-nail-extensions/,commercial_service
7,N01,/nail-service-prices-at-home-dubai/,Home Salon Nail Services page,https://homesalon.ae/nails/,commercial_service
8,N03,/biab-vs-gel-manicure/,Acrylic Nails,https://homesalon.ae/manicure/acrylic-nail/,commercial_service
8,N03,/biab-vs-gel-manicure/,Gel Nail Extensions,https://homesalon.ae/manicure/gel-nail-extensions/,commercial_service
8,N03,/biab-vs-gel-manicure/,Nail Services at Home,https://homesalon.ae/nails/,commercial_service
8,N03,/biab-vs-gel-manicure/,Nail Service Prices at Home in Dubai,https://homesalon.ae/nail-service-prices-at-home-dubai/,supporting_article
8,N03,/biab-vs-gel-manicure/,Acrylic vs Gel Nail Extensions,https://homesalon.ae/acrylic-vs-gel-nail-extensions/,supporting_article
9,N02,/gelish-vs-regular-nail-polish/,Home Salon Hygiene Guide,https://homesalon.ae/home-salon-hygiene-checklist/,supporting_article
9,N02,/gelish-vs-regular-nail-polish/,BIAB vs Gel Manicure guide,https://homesalon.ae/biab-vs-gel-manicure/,supporting_article
9,N02,/gelish-vs-regular-nail-polish/,Nail Services at Home,https://homesalon.ae/nails/,commercial_service
10,N06,/how-often-manicure-pedicure/,at-home manicure and pedicure preparation guide,https://homesalon.ae/prepare-manicure-pedicure-at-home/,supporting_article
10,N06,/how-often-manicure-pedicure/,Home Salon Nail Services,https://homesalon.ae/nails/,commercial_service
10,N06,/how-often-manicure-pedicure/,Gelish vs Regular Nail Polish,https://homesalon.ae/gelish-vs-regular-nail-polish/,supporting_article
10,N06,/how-often-manicure-pedicure/,BIAB vs Gel Manicure,https://homesalon.ae/biab-vs-gel-manicure/,supporting_article
10,N06,/how-often-manicure-pedicure/,Classic Pedicure vs Spa Pedicure,https://homesalon.ae/classic-vs-spa-pedicure/,supporting_article
11,H02,/prepare-home-salon-appointment/,hair colour preparation guide,https://homesalon.ae/prepare-hair-colour-appointment/,supporting_article
11,H02,/prepare-home-salon-appointment/,How to Prepare for a Massage at Home,https://homesalon.ae/prepare-for-massage-at-home/,supporting_article
11,H02,/prepare-home-salon-appointment/,How to Prepare for a Manicure or Pedicure at Home,https://homesalon.ae/prepare-manicure-pedicure-at-home/,supporting_article
11,H02,/prepare-home-salon-appointment/,Hair Colour Appointment Preparation Guide,https://homesalon.ae/prepare-hair-colour-appointment/,supporting_article
11,H02,/prepare-home-salon-appointment/,main service page,https://homesalon.ae/,commercial_service
11,H02,/prepare-home-salon-appointment/,Home Salon vs Salon Visit in Dubai,https://homesalon.ae/home-salon-vs-salon-visit/,supporting_article
12,H04,/home-salon-hygiene-checklist/,Home Salon Appointment Preparation Checklist,https://homesalon.ae/prepare-home-salon-appointment/,supporting_article
12,H04,/home-salon-hygiene-checklist/,Home Salon vs Salon Visit,https://homesalon.ae/home-salon-vs-salon-visit/,supporting_article
12,H04,/home-salon-hygiene-checklist/,booking multiple beauty services at home,https://homesalon.ae/multiple-beauty-services-at-home/,supporting_article
12,H04,/home-salon-hygiene-checklist/,main service website,https://homesalon.ae/,commercial_service
13,HR02,/prepare-hair-colour-appointment/,How to Prepare for a Home Salon Appointment,https://homesalon.ae/prepare-home-salon-appointment/,supporting_article
13,HR02,/prepare-hair-colour-appointment/,Root Colour vs Full Colour,https://homesalon.ae/root-colour-vs-full-colour/,supporting_article
13,HR02,/prepare-hair-colour-appointment/,Balayage vs Highlights vs Babylights,https://homesalon.ae/balayage-vs-highlights-vs-babylights/,supporting_article
13,HR02,/prepare-hair-colour-appointment/,Hair Services,https://homesalon.ae/hair/,commercial_service
13,HR02,/prepare-hair-colour-appointment/,Henna Application,https://homesalon.ae/hair/henna-application/,commercial_service
13,HR02,/prepare-hair-colour-appointment/,Keratin Treatment,https://homesalon.ae/hair/keratin-treatment/,commercial_service
13,HR02,/prepare-hair-colour-appointment/,Henna vs Conventional Hair Colour,https://homesalon.ae/henna-vs-conventional-hair-colour/,supporting_article
14,M05,/prepare-for-massage-at-home/,massage services page,https://homesalon.ae/massage/,commercial_service
14,M05,/prepare-for-massage-at-home/,guide to choosing the right massage type,https://homesalon.ae/how-to-choose-massage-type/,supporting_article
14,M05,/prepare-for-massage-at-home/,60 vs 90 minute massage guide,https://homesalon.ae/60-vs-90-minute-massage/,supporting_article
14,M05,/prepare-for-massage-at-home/,first home massage guide,https://homesalon.ae/first-home-massage-what-to-expect/,supporting_article
14,M05,/prepare-for-massage-at-home/,massage services at home,https://homesalon.ae/massage/,commercial_service
15,M06,/first-home-massage-what-to-expect/,massage type comparison,https://homesalon.ae/how-to-choose-massage-type/,supporting_article
15,M06,/first-home-massage-what-to-expect/,home massage preparation checklist,https://homesalon.ae/prepare-for-massage-at-home/,supporting_article
15,M06,/first-home-massage-what-to-expect/,60 vs 90 minute massage guide,https://homesalon.ae/60-vs-90-minute-massage/,supporting_article
15,M06,/first-home-massage-what-to-expect/,massage aftercare guide,https://homesalon.ae/massage-aftercare/,supporting_article
15,M06,/first-home-massage-what-to-expect/,massage services page,https://homesalon.ae/massage/,commercial_service
16,M07,/massage-aftercare/,guide to how often you should get a massage,https://homesalon.ae/how-often-get-massage/,supporting_article
16,M07,/massage-aftercare/,Home Salon massage page,https://homesalon.ae/massage/,commercial_service
16,M07,/massage-aftercare/,home massage preparation guide,https://homesalon.ae/prepare-for-massage-at-home/,supporting_article
16,M07,/massage-aftercare/,60 vs 90 minute comparison,https://homesalon.ae/60-vs-90-minute-massage/,supporting_article
17,M08,/deep-tissue-vs-thai-massage/,massage type guide,https://homesalon.ae/how-to-choose-massage-type/,supporting_article
17,M08,/deep-tissue-vs-thai-massage/,60 vs 90 minute massage guide,https://homesalon.ae/60-vs-90-minute-massage/,supporting_article
17,M08,/deep-tissue-vs-thai-massage/,Deep Tissue Massage,https://homesalon.ae/massage/deep-tissue-massage/,commercial_service
17,M08,/deep-tissue-vs-thai-massage/,Thai Massage,https://homesalon.ae/massage/thai-massage/,commercial_service
17,M08,/deep-tissue-vs-thai-massage/,massage services at home in Dubai,https://homesalon.ae/massage/,commercial_service
18,M09,/hot-stone-vs-deep-tissue-massage/,how to choose a massage type,https://homesalon.ae/how-to-choose-massage-type/,supporting_article
18,M09,/hot-stone-vs-deep-tissue-massage/,60 vs 90 Minute Massage,https://homesalon.ae/60-vs-90-minute-massage/,supporting_article
18,M09,/hot-stone-vs-deep-tissue-massage/,home massage preparation guide,https://homesalon.ae/prepare-for-massage-at-home/,supporting_article
18,M09,/hot-stone-vs-deep-tissue-massage/,Hot Stone Massage,https://homesalon.ae/massage/hot-stone-massage/,commercial_service
18,M09,/hot-stone-vs-deep-tissue-massage/,Deep Tissue Massage,https://homesalon.ae/massage/deep-tissue-massage/,commercial_service
18,M09,/hot-stone-vs-deep-tissue-massage/,massage services at home in Dubai,https://homesalon.ae/massage/,commercial_service
19,M04,/how-often-get-massage/,pregnancy massage guide,https://homesalon.ae/pregnancy-massage-when-to-book/,supporting_article
19,M04,/how-often-get-massage/,massage at home price guide,https://homesalon.ae/massage-at-home-prices-dubai/,supporting_article
19,M04,/how-often-get-massage/,60 vs 90 minute comparison,https://homesalon.ae/60-vs-90-minute-massage/,supporting_article
19,M04,/how-often-get-massage/,massage services page,https://homesalon.ae/massage/,commercial_service
19,M04,/how-often-get-massage/,Hot Stone vs Deep Tissue Massage,https://homesalon.ae/hot-stone-vs-deep-tissue-massage/,supporting_article
19,M04,/how-often-get-massage/,Madero / Wood Therapy Massage guide,https://homesalon.ae/madero-wood-therapy-massage-guide/,supporting_article
20,M13,/madero-wood-therapy-massage-guide/,Madero Massage,https://homesalon.ae/massage/madero-massage/,commercial_service
20,M13,/madero-wood-therapy-massage-guide/,massage type selection guide,https://homesalon.ae/how-to-choose-massage-type/,supporting_article
20,M13,/madero-wood-therapy-massage-guide/,Madero Massage at Home,https://homesalon.ae/massage/madero-massage/,commercial_service
20,M13,/madero-wood-therapy-massage-guide/,massage-type selection guide,https://homesalon.ae/how-to-choose-massage-type/,supporting_article
20,M13,/madero-wood-therapy-massage-guide/,massage frequency guide,https://homesalon.ae/how-often-get-massage/,supporting_article
21,N04,/biab-vs-acrylic-nails/,Acrylic Nail,https://homesalon.ae/manicure/acrylic-nail/,commercial_service
21,N04,/biab-vs-acrylic-nails/,Nail Services,https://homesalon.ae/nails/,commercial_service
21,N04,/biab-vs-acrylic-nails/,BIAB vs Gel Manicure,https://homesalon.ae/biab-vs-gel-manicure/,supporting_article
21,N04,/biab-vs-acrylic-nails/,refill vs removal guide,https://homesalon.ae/nail-extension-refill-vs-removal/,supporting_article
21,N04,/biab-vs-acrylic-nails/,Acrylic vs Gel Nail Extensions,https://homesalon.ae/acrylic-vs-gel-nail-extensions/,supporting_article
22,N05,/acrylic-vs-gel-nail-extensions/,Gel Nail Extensions,https://homesalon.ae/manicure/gel-nail-extensions/,commercial_service
22,N05,/acrylic-vs-gel-nail-extensions/,Acrylic Nails,https://homesalon.ae/manicure/acrylic-nail/,commercial_service
22,N05,/acrylic-vs-gel-nail-extensions/,BIAB vs Acrylic Nails,https://homesalon.ae/biab-vs-acrylic-nails/,supporting_article
22,N05,/acrylic-vs-gel-nail-extensions/,BIAB vs Gel Manicure,https://homesalon.ae/biab-vs-gel-manicure/,supporting_article
22,N05,/acrylic-vs-gel-nail-extensions/,Refill vs Removal,https://homesalon.ae/nail-extension-refill-vs-removal/,supporting_article
22,N05,/acrylic-vs-gel-nail-extensions/,Nail Services at Home,https://homesalon.ae/nails/,commercial_service
23,N07,/classic-vs-spa-pedicure/,Nail Services,https://homesalon.ae/nails/,commercial_service
23,N07,/classic-vs-spa-pedicure/,Home Salon Hygiene Guide,https://homesalon.ae/home-salon-hygiene-checklist/,supporting_article
23,N07,/classic-vs-spa-pedicure/,manicure and pedicure frequency guide,https://homesalon.ae/how-often-manicure-pedicure/,supporting_article
23,N07,/classic-vs-spa-pedicure/,at-home mani-pedi preparation guide,https://homesalon.ae/prepare-manicure-pedicure-at-home/,supporting_article
23,N07,/classic-vs-spa-pedicure/,Nail Services at Home,https://homesalon.ae/nails/,commercial_service
24,N08,/nail-extension-refill-vs-removal/,Gel Nail Extension,https://homesalon.ae/manicure/gel-nail-extensions/,commercial_service
24,N08,/nail-extension-refill-vs-removal/,BIAB vs Acrylic Nails,https://homesalon.ae/biab-vs-acrylic-nails/,supporting_article
24,N08,/nail-extension-refill-vs-removal/,BIAB vs Gel Manicure,https://homesalon.ae/biab-vs-gel-manicure/,supporting_article
24,N08,/nail-extension-refill-vs-removal/,Nail Services,https://homesalon.ae/nails/,commercial_service
25,N09,/prepare-manicure-pedicure-at-home/,Nail Extension Refill vs Removal,https://homesalon.ae/nail-extension-refill-vs-removal/,supporting_article
25,N09,/prepare-manicure-pedicure-at-home/,Home Salon Hygiene Checklist,https://homesalon.ae/home-salon-hygiene-checklist/,supporting_article
25,N09,/prepare-manicure-pedicure-at-home/,Home Salon Nail Services,https://homesalon.ae/nails/,commercial_service
26,HR05,/keratin-treatment-aftercare/,Keratin Treatment,https://homesalon.ae/hair/keratin-treatment/,commercial_service
26,HR05,/keratin-treatment-aftercare/,Keratin Treatment service,https://homesalon.ae/hair/keratin-treatment/,commercial_service
26,HR05,/keratin-treatment-aftercare/,Keratin vs Protein Hair Treatment,https://homesalon.ae/keratin-vs-protein-hair-treatment/,supporting_article
26,HR05,/keratin-treatment-aftercare/,How to Prepare for a Hair Colour Appointment,https://homesalon.ae/prepare-hair-colour-appointment/,supporting_article
27,HR06,/keratin-vs-protein-hair-treatment/,Keratin Treatment at Home,https://homesalon.ae/hair/keratin-treatment/,commercial_service
27,HR06,/keratin-vs-protein-hair-treatment/,Keratin Treatment Aftercare Guide,https://homesalon.ae/keratin-treatment-aftercare/,supporting_article
27,HR06,/keratin-vs-protein-hair-treatment/,Hair Colour Appointment Preparation Guide,https://homesalon.ae/prepare-hair-colour-appointment/,supporting_article
27,HR06,/keratin-vs-protein-hair-treatment/,Hair Services at Home,https://homesalon.ae/hair/,commercial_service
27,HR06,/keratin-vs-protein-hair-treatment/,Keratin Treatment,https://homesalon.ae/hair/keratin-treatment/,commercial_service
28,HR03,/root-colour-vs-full-colour/,Hair Services,https://homesalon.ae/hair/,commercial_service
28,HR03,/root-colour-vs-full-colour/,Balayage vs Highlights vs Babylights Guide,https://homesalon.ae/balayage-vs-highlights-vs-babylights/,supporting_article
28,HR03,/root-colour-vs-full-colour/,Hair Colour Appointment Preparation Guide,https://homesalon.ae/prepare-hair-colour-appointment/,supporting_article
28,HR03,/root-colour-vs-full-colour/,Hair Services at Home,https://homesalon.ae/hair/,commercial_service
28,HR03,/root-colour-vs-full-colour/,Henna Application,https://homesalon.ae/hair/henna-application/,commercial_service
29,HR04,/balayage-vs-highlights-vs-babylights/,Root Colour vs Full Colour Guide,https://homesalon.ae/root-colour-vs-full-colour/,supporting_article
29,HR04,/balayage-vs-highlights-vs-babylights/,Hair Colour Appointment Preparation Guide,https://homesalon.ae/prepare-hair-colour-appointment/,supporting_article
29,HR04,/balayage-vs-highlights-vs-babylights/,Hair Services at Home,https://homesalon.ae/hair/,commercial_service
29,HR04,/balayage-vs-highlights-vs-babylights/,how often to trim your hair,https://homesalon.ae/how-often-trim-hair/,supporting_article
30,HR07,/henna-vs-conventional-hair-colour/,Henna Application at Home,https://homesalon.ae/hair/henna-application/,commercial_service
30,HR07,/henna-vs-conventional-hair-colour/,Hair Services,https://homesalon.ae/hair/,commercial_service
30,HR07,/henna-vs-conventional-hair-colour/,Root Colour vs Full Colour,https://homesalon.ae/root-colour-vs-full-colour/,supporting_article
30,HR07,/henna-vs-conventional-hair-colour/,Hair Colour Appointment Preparation,https://homesalon.ae/prepare-hair-colour-appointment/,supporting_article
30,HR07,/henna-vs-conventional-hair-colour/,Balayage vs Highlights vs Babylights,https://homesalon.ae/balayage-vs-highlights-vs-babylights/,supporting_article
31,HR01,/how-often-trim-hair/,Keratin Treatment,https://homesalon.ae/hair/keratin-treatment/,commercial_service
31,HR01,/how-often-trim-hair/,Hair Services at Home,https://homesalon.ae/hair/,commercial_service
31,HR01,/how-often-trim-hair/,How to Prepare for a Hair Colour Appointment,https://homesalon.ae/prepare-hair-colour-appointment/,supporting_article
31,HR01,/how-often-trim-hair/,Root Colour vs Full Colour,https://homesalon.ae/root-colour-vs-full-colour/,supporting_article
32,F01,/facial-prices-at-home-dubai/,Facial & Skin,https://homesalon.ae/facial/,commercial_service
32,F01,/facial-prices-at-home-dubai/,Facial Clean-Up vs Full Facial,https://homesalon.ae/cleanup-vs-full-facial/,supporting_article
32,F01,/facial-prices-at-home-dubai/,Gold Facial,https://homesalon.ae/facial/gold-facial/,commercial_service
32,F01,/facial-prices-at-home-dubai/,Diamond Facial,https://homesalon.ae/facial/diamond-facial/,commercial_service
32,F01,/facial-prices-at-home-dubai/,Pearl Facial,https://homesalon.ae/facial/pearl-facial/,commercial_service
32,F01,/facial-prices-at-home-dubai/,Hydra Facial,https://homesalon.ae/facial/hydra-facial/,commercial_service
32,F01,/facial-prices-at-home-dubai/,Hydra Facial vs Traditional Facial,https://homesalon.ae/hydra-facial-vs-traditional-facial/,supporting_article
32,F01,/facial-prices-at-home-dubai/,Gold vs Diamond vs Pearl Facial,https://homesalon.ae/gold-vs-diamond-vs-pearl-facial/,supporting_article
33,F02,/cleanup-vs-full-facial/,Facial Prices at Home in Dubai,https://homesalon.ae/facial-prices-at-home-dubai/,supporting_article
33,F02,/cleanup-vs-full-facial/,Facial & Skin,https://homesalon.ae/facial/,commercial_service
33,F02,/cleanup-vs-full-facial/,Hydra Facial,https://homesalon.ae/facial/hydra-facial/,commercial_service
33,F02,/cleanup-vs-full-facial/,Gold vs Diamond vs Pearl Facial,https://homesalon.ae/gold-vs-diamond-vs-pearl-facial/,supporting_article
33,F02,/cleanup-vs-full-facial/,How Often Should You Get a Facial?,https://homesalon.ae/how-often-get-facial/,supporting_article
33,F02,/cleanup-vs-full-facial/,How to Prepare for a Facial,https://homesalon.ae/prepare-for-facial-appointment/,supporting_article
34,F03,/hydra-facial-vs-traditional-facial/,Facial Prices at Home in Dubai,https://homesalon.ae/facial-prices-at-home-dubai/,supporting_article
34,F03,/hydra-facial-vs-traditional-facial/,Hydra Facial,https://homesalon.ae/facial/hydra-facial/,commercial_service
34,F03,/hydra-facial-vs-traditional-facial/,Facial & Skin,https://homesalon.ae/facial/,commercial_service
34,F03,/hydra-facial-vs-traditional-facial/,How to Prepare for a Facial,https://homesalon.ae/prepare-for-facial-appointment/,supporting_article
34,F03,/hydra-facial-vs-traditional-facial/,Facial Aftercare,https://homesalon.ae/facial-aftercare/,supporting_article
35,F04,/how-often-get-facial/,Facial & Skin,https://homesalon.ae/facial/,commercial_service
35,F04,/how-often-get-facial/,Facial Clean-Up vs Full Facial,https://homesalon.ae/cleanup-vs-full-facial/,supporting_article
35,F04,/how-often-get-facial/,How to Prepare for a Facial,https://homesalon.ae/prepare-for-facial-appointment/,supporting_article
35,F04,/how-often-get-facial/,Facial Aftercare Guide,https://homesalon.ae/facial-aftercare/,supporting_article
36,F05,/prepare-for-facial-appointment/,How to Prepare for a Home Salon Appointment,https://homesalon.ae/prepare-home-salon-appointment/,supporting_article
36,F05,/prepare-for-facial-appointment/,Facial & Skin,https://homesalon.ae/facial/,commercial_service
36,F05,/prepare-for-facial-appointment/,Facial Clean-Up vs Full Facial,https://homesalon.ae/cleanup-vs-full-facial/,supporting_article
36,F05,/prepare-for-facial-appointment/,Facial Aftercare Guide,https://homesalon.ae/facial-aftercare/,supporting_article
37,F06,/facial-aftercare/,How Often Should You Get a Facial?,https://homesalon.ae/how-often-get-facial/,supporting_article
37,F06,/facial-aftercare/,Facial & Skin,https://homesalon.ae/facial/,commercial_service
37,F06,/facial-aftercare/,Hydra Facial,https://homesalon.ae/facial/hydra-facial/,commercial_service
37,F06,/facial-aftercare/,How to Prepare for a Facial,https://homesalon.ae/prepare-for-facial-appointment/,supporting_article
38,F07,/gold-vs-diamond-vs-pearl-facial/,Diamond Facial,https://homesalon.ae/facial/diamond-facial/,commercial_service
38,F07,/gold-vs-diamond-vs-pearl-facial/,Facial Prices at Home in Dubai,https://homesalon.ae/facial-prices-at-home-dubai/,supporting_article
38,F07,/gold-vs-diamond-vs-pearl-facial/,Hydra Facial vs Traditional Facial,https://homesalon.ae/hydra-facial-vs-traditional-facial/,supporting_article
38,F07,/gold-vs-diamond-vs-pearl-facial/,Facial Preparation Guide,https://homesalon.ae/prepare-for-facial-appointment/,supporting_article
38,F07,/gold-vs-diamond-vs-pearl-facial/,Gold Facial,https://homesalon.ae/facial/gold-facial/,commercial_service
38,F07,/gold-vs-diamond-vs-pearl-facial/,Pearl Facial,https://homesalon.ae/facial/pearl-facial/,commercial_service
38,F07,/gold-vs-diamond-vs-pearl-facial/,Facial & Skin Services,https://homesalon.ae/facial/,commercial_service
39,W01,/waxing-prices-at-home-dubai/,Waxing at Home in Dubai,https://homesalon.ae/waxing/,commercial_service
39,W01,/waxing-prices-at-home-dubai/,Rica Wax vs Regular Wax,https://homesalon.ae/rica-wax-vs-regular-wax/,supporting_article
39,W01,/waxing-prices-at-home-dubai/,Hard Wax vs Strip Wax,https://homesalon.ae/hard-wax-vs-strip-wax/,supporting_article
39,W01,/waxing-prices-at-home-dubai/,Waxing Appointment Preparation Guide,https://homesalon.ae/prepare-for-waxing-appointment/,supporting_article
39,W01,/waxing-prices-at-home-dubai/,Home Salon Waxing,https://homesalon.ae/waxing/,commercial_service
39,W01,/waxing-prices-at-home-dubai/,Waxing vs Shaving,https://homesalon.ae/waxing-vs-shaving/,supporting_article
40,W02,/rica-wax-vs-regular-wax/,Hard Wax vs Strip Wax Guide,https://homesalon.ae/hard-wax-vs-strip-wax/,supporting_article
40,W02,/rica-wax-vs-regular-wax/,Waxing Prices at Home in Dubai,https://homesalon.ae/waxing-prices-at-home-dubai/,supporting_article
40,W02,/rica-wax-vs-regular-wax/,Waxing at Home,https://homesalon.ae/waxing/,commercial_service
40,W02,/rica-wax-vs-regular-wax/,How to Prepare for Waxing,https://homesalon.ae/prepare-for-waxing-appointment/,supporting_article
41,W03,/hard-wax-vs-strip-wax/,Home Salon Waxing,https://homesalon.ae/waxing/,commercial_service
41,W03,/hard-wax-vs-strip-wax/,Rica Wax vs Regular Wax,https://homesalon.ae/rica-wax-vs-regular-wax/,supporting_article
41,W03,/hard-wax-vs-strip-wax/,How to Prepare for Waxing,https://homesalon.ae/prepare-for-waxing-appointment/,supporting_article
42,W04,/waxing-vs-shaving/,Waxing at Home,https://homesalon.ae/waxing/,commercial_service
42,W04,/waxing-vs-shaving/,Waxing Prices at Home in Dubai,https://homesalon.ae/waxing-prices-at-home-dubai/,supporting_article
42,W04,/waxing-vs-shaving/,waxing services at home in Dubai,https://homesalon.ae/waxing/,commercial_service
42,W04,/waxing-vs-shaving/,How to Prepare for Waxing,https://homesalon.ae/prepare-for-waxing-appointment/,supporting_article
43,W05,/prepare-for-waxing-appointment/,Facial Preparation Guide,https://homesalon.ae/prepare-for-facial-appointment/,supporting_article
43,W05,/prepare-for-waxing-appointment/,Rica Wax vs Regular Wax,https://homesalon.ae/rica-wax-vs-regular-wax/,supporting_article
43,W05,/prepare-for-waxing-appointment/,Hard Wax vs Strip Wax,https://homesalon.ae/hard-wax-vs-strip-wax/,supporting_article
43,W05,/prepare-for-waxing-appointment/,How to Prepare for a Home Salon Appointment,https://homesalon.ae/prepare-home-salon-appointment/,supporting_article
43,W05,/prepare-for-waxing-appointment/,Waxing at Home,https://homesalon.ae/waxing/,commercial_service
43,W05,/prepare-for-waxing-appointment/,Waxing Aftercare,https://homesalon.ae/waxing-aftercare/,supporting_article
44,W06,/waxing-aftercare/,Waxing at Home,https://homesalon.ae/waxing/,commercial_service
44,W06,/waxing-aftercare/,Waxing Preparation Guide,https://homesalon.ae/prepare-for-waxing-appointment/,supporting_article
44,W06,/waxing-aftercare/,Hard Wax vs Strip Wax,https://homesalon.ae/hard-wax-vs-strip-wax/,supporting_article
45,T01,/threading-vs-waxing-eyebrows/,Threading at Home,https://homesalon.ae/threading/,commercial_service
45,T01,/threading-vs-waxing-eyebrows/,Waxing at Home,https://homesalon.ae/waxing/,commercial_service
45,T01,/threading-vs-waxing-eyebrows/,How Often Should You Thread Your Eyebrows?,https://homesalon.ae/how-often-eyebrow-threading/,supporting_article
45,T01,/threading-vs-waxing-eyebrows/,Threading Aftercare Guide,https://homesalon.ae/threading-aftercare/,supporting_article
46,T02,/how-often-eyebrow-threading/,Threading at Home,https://homesalon.ae/threading/,commercial_service
46,T02,/how-often-eyebrow-threading/,Threading vs Waxing for Eyebrows,https://homesalon.ae/threading-vs-waxing-eyebrows/,supporting_article
46,T02,/how-often-eyebrow-threading/,Threading Aftercare Guide,https://homesalon.ae/threading-aftercare/,supporting_article
47,T03,/threading-aftercare/,Threading Frequency Guide,https://homesalon.ae/how-often-eyebrow-threading/,supporting_article
47,T03,/threading-aftercare/,Threading at Home,https://homesalon.ae/threading/,commercial_service
47,T03,/threading-aftercare/,Threading vs Waxing for Eyebrows,https://homesalon.ae/threading-vs-waxing-eyebrows/,supporting_article
47,T03,/threading-aftercare/,How to Prepare for Threading,https://homesalon.ae/prepare-for-threading-appointment/,supporting_article
48,T04,/prepare-for-threading-appointment/,Home Salon Appointment Preparation Guide,https://homesalon.ae/prepare-home-salon-appointment/,supporting_article
48,T04,/prepare-for-threading-appointment/,Threading at Home,https://homesalon.ae/threading/,commercial_service
48,T04,/prepare-for-threading-appointment/,Threading Aftercare Guide,https://homesalon.ae/threading-aftercare/,supporting_article
49,H01,/home-salon-vs-salon-visit/,How to Prepare for a Home Salon Appointment,https://homesalon.ae/prepare-home-salon-appointment/,supporting_article
49,H01,/home-salon-vs-salon-visit/,Home Salon Hygiene Checklist,https://homesalon.ae/home-salon-hygiene-checklist/,supporting_article
49,H01,/home-salon-vs-salon-visit/,Guide to Booking Multiple Beauty Services at Home,https://homesalon.ae/multiple-beauty-services-at-home/,supporting_article
49,H01,/home-salon-vs-salon-visit/,main service website,https://homesalon.ae/,commercial_service
50,H03,/multiple-beauty-services-at-home/,Home Salon Preparation Guide,https://homesalon.ae/prepare-home-salon-appointment/,supporting_article
50,H03,/multiple-beauty-services-at-home/,main website,https://homesalon.ae/,commercial_service
50,H03,/multiple-beauty-services-at-home/,Home Salon vs Salon Visit,https://homesalon.ae/home-salon-vs-salon-visit/,supporting_article
50,H03,/multiple-beauty-services-at-home/,Home Salon Hygiene Checklist,https://homesalon.ae/home-salon-hygiene-checklist/,supporting_article
